country,smm2_section,classification_standard,description,unit,base_rate,currency,base_year,base_quarter,source,source_url,source_date,scope_inclusions,scope_exclusions,confidence,is_placeholder,provenance_note,replace_with
SG,Excavation,SMM2,"BCA SOR May 2022 trade rates mapped to Excavation (SMM2 part II, measured excavation and backfilling in m3)",m3,40.75,SGD,2026,2026Q2,"BCA Schedule of Rates, May 2022 - cumulative-adjusted to Q2 2026",https://www1.bca.gov.sg/,2026-06-30,"SMM2 part II, measured excavation and backfilling in m3. Derived from the BCA Schedule of Rates, May 2022.","External works, piling, M&E, and any trade outside the loaded BCA extract.",medium,false,"DERIVED TO CURRENT. BCA Schedule of Rates, May 2022 - cumulative-adjusted to Q2 2026. The rate is the median of 8 published SOR line(s) measured in this unit that map to the Excavation section (interquartile range 26.00 to 45.34; full range 12.53 to 49.53). The SOR line rates were themselves derived to the 2026 price level by the BCA May 2022 schedule multiplied by 1.171, the cumulative CPI inflation from 2022 to 2026 stated in the source file, a cumulative factor of 1.171. Nothing here is invented: every figure traces to a named published schedule of rates. The BCA schedule is published by trade section, not by the ten canonical sections used here, so the mapping is stated per row rather than assumed. The source file states: this is an estimate; validate with current market quotations.",
SG,Concrete,SMM2,"BCA SOR May 2022 trade rates mapped to Concrete (SMM2 part III in-situ concrete in m3, excluding precast components)",m3,140.53,SGD,2026,2026Q2,"BCA Schedule of Rates, May 2022 - cumulative-adjusted to Q2 2026",https://www1.bca.gov.sg/,2026-06-30,"SMM2 part III in-situ concrete in m3, excluding precast components. Derived from the BCA Schedule of Rates, May 2022.","External works, piling, M&E, and any trade outside the loaded BCA extract.",low,false,"DERIVED TO CURRENT. BCA Schedule of Rates, May 2022 - cumulative-adjusted to Q2 2026. The rate is the median of 2 published SOR line(s) measured in this unit that map to the Concrete section (too few rows for a quartile range; full range 122.96 to 158.09). The SOR line rates were themselves derived to the 2026 price level by the BCA May 2022 schedule multiplied by 1.171, the cumulative CPI inflation from 2022 to 2026 stated in the source file, a cumulative factor of 1.171. Nothing here is invented: every figure traces to a named published schedule of rates. The BCA schedule is published by trade section, not by the ten canonical sections used here, so the mapping is stated per row rather than assumed. The source file states: this is an estimate; validate with current market quotations.",
SG,Reinforcement,SMM2,"BCA SOR May 2022 trade rates mapped to Reinforcement (SMM2 part III bar reinforcement, converted from kg to tonne)",tonne,1290.00,SGD,2026,2026Q2,"BCA Schedule of Rates, May 2022 - cumulative-adjusted to Q2 2026",https://www1.bca.gov.sg/,2026-06-30,"SMM2 part III bar reinforcement, converted from kg to tonne. Derived from the BCA Schedule of Rates, May 2022.","External works, piling, M&E, and any trade outside the loaded BCA extract.",low,false,"DERIVED TO CURRENT. BCA Schedule of Rates, May 2022 - cumulative-adjusted to Q2 2026. The rate is the median of 1 published SOR line(s) measured in this unit that map to the Reinforcement section (too few rows for a quartile range; full range 1,290.00 to 1,290.00). The SOR line rates were themselves derived to the 2026 price level by the BCA May 2022 schedule multiplied by 1.171, the cumulative CPI inflation from 2022 to 2026 stated in the source file, a cumulative factor of 1.171. Nothing here is invented: every figure traces to a named published schedule of rates. The BCA schedule is published by trade section, not by the ten canonical sections used here, so the mapping is stated per row rather than assumed. The source file states: this is an estimate; validate with current market quotations.",
SG,Formwork,SMM2,BCA SOR May 2022 trade rates mapped to Formwork (SMM2 part III timber and metal formwork to soffits and sides),m2,66.86,SGD,2026,2026Q2,"BCA Schedule of Rates, May 2022 - cumulative-adjusted to Q2 2026",https://www1.bca.gov.sg/,2026-06-30,"SMM2 part III timber and metal formwork to soffits and sides. Derived from the BCA Schedule of Rates, May 2022.","External works, piling, M&E, and any trade outside the loaded BCA extract.",medium,false,"DERIVED TO CURRENT. BCA Schedule of Rates, May 2022 - cumulative-adjusted to Q2 2026. The rate is the median of 10 published SOR line(s) measured in this unit that map to the Formwork section (interquartile range 61.13 to 72.63; full range 61.13 to 102.11). The SOR line rates were themselves derived to the 2026 price level by the BCA May 2022 schedule multiplied by 1.171, the cumulative CPI inflation from 2022 to 2026 stated in the source file, a cumulative factor of 1.171. Nothing here is invented: every figure traces to a named published schedule of rates. The BCA schedule is published by trade section, not by the ten canonical sections used here, so the mapping is stated per row rather than assumed. The source file states: this is an estimate; validate with current market quotations.",
SG,Masonry,SMM2,BCA SOR May 2022 trade rates mapped to Masonry (SMM2 part V clay brickwork and concrete blockwork),m2,68.15,SGD,2026,2026Q2,"BCA Schedule of Rates, May 2022 - cumulative-adjusted to Q2 2026",https://www1.bca.gov.sg/,2026-06-30,"SMM2 part V clay brickwork and concrete blockwork. Derived from the BCA Schedule of Rates, May 2022.","External works, piling, M&E, and any trade outside the loaded BCA extract.",medium,false,"DERIVED TO CURRENT. BCA Schedule of Rates, May 2022 - cumulative-adjusted to Q2 2026. The rate is the median of 8 published SOR line(s) measured in this unit that map to the Masonry section (interquartile range 46.63 to 87.91; full range 37.35 to 119.79). The SOR line rates were themselves derived to the 2026 price level by the BCA May 2022 schedule multiplied by 1.171, the cumulative CPI inflation from 2022 to 2026 stated in the source file, a cumulative factor of 1.171. Nothing here is invented: every figure traces to a named published schedule of rates. The BCA schedule is published by trade section, not by the ten canonical sections used here, so the mapping is stated per row rather than assumed. The source file states: this is an estimate; validate with current market quotations.",
SG,Waterproofing,SMM2,BCA SOR May 2022 trade rates mapped to Waterproofing (SMM2 part V damp-proof membranes and applied waterproofing systems),m2,31.03,SGD,2026,2026Q2,"BCA Schedule of Rates, May 2022 - cumulative-adjusted to Q2 2026",https://www1.bca.gov.sg/,2026-06-30,"SMM2 part V damp-proof membranes and applied waterproofing systems. Derived from the BCA Schedule of Rates, May 2022.","External works, piling, M&E, and any trade outside the loaded BCA extract.",high,false,"DERIVED TO CURRENT. BCA Schedule of Rates, May 2022 - cumulative-adjusted to Q2 2026. The rate is the median of 19 published SOR line(s) measured in this unit that map to the Waterproofing section (interquartile range 23.42 to 34.31; full range 7.85 to 37.59). The SOR line rates were themselves derived to the 2026 price level by the BCA May 2022 schedule multiplied by 1.171, the cumulative CPI inflation from 2022 to 2026 stated in the source file, a cumulative factor of 1.171. Nothing here is invented: every figure traces to a named published schedule of rates. The BCA schedule is published by trade section, not by the ten canonical sections used here, so the mapping is stated per row rather than assumed. The source file states: this is an estimate; validate with current market quotations.",
SG,Plaster,SMM2,BCA SOR May 2022 trade rates mapped to Plaster (SMM2 part XII wall finishes measured in m2),m2,28.69,SGD,2026,2026Q2,"BCA Schedule of Rates, May 2022 - cumulative-adjusted to Q2 2026",https://www1.bca.gov.sg/,2026-06-30,"SMM2 part XII wall finishes measured in m2. Derived from the BCA Schedule of Rates, May 2022.","External works, piling, M&E, and any trade outside the loaded BCA extract.",medium,false,"DERIVED TO CURRENT. BCA Schedule of Rates, May 2022 - cumulative-adjusted to Q2 2026. The rate is the median of 13 published SOR line(s) measured in this unit that map to the Plaster section (interquartile range 20.31 to 53.34; full range 8.78 to 210.90). The SOR line rates were themselves derived to the 2026 price level by the BCA May 2022 schedule multiplied by 1.171, the cumulative CPI inflation from 2022 to 2026 stated in the source file, a cumulative factor of 1.171. Nothing here is invented: every figure traces to a named published schedule of rates. The BCA schedule is published by trade section, not by the ten canonical sections used here, so the mapping is stated per row rather than assumed. The source file states: this is an estimate; validate with current market quotations.",
SG,Preliminaries,SMM2,Retained estimate for Preliminaries - not covered by the BCA SOR extract,item,240000.00,SGD,2010,,Retained prior estimate - the BCA Schedule of Rates extract does not cover this section,https://www1.bca.gov.sg/,2010-12-31,Retained estimate for Preliminaries. Not derived from the loaded SOR extract.,Not covered by the loaded BCA SOR extract.,low,true,"RETAINED ESTIMATE, NOT SOR-DERIVED. The BCA extract carries no general-requirements or preliminaries section. Part I holds a single site-clearance item, which is not a preliminaries rate, so the prior preliminaries estimate is RETAINED at the user request rather than rebuilt from it.. Retained so the section is never silently dropped. See replace_with for the publication to license.",# TODO: replace with actual BCA InfoNet preliminaries and general requirements rates when the licensed schedule is available.
SG,Piling,SMM2,Retained estimate for Piling - not covered by the BCA SOR extract,m,320.00,SGD,2010,,Retained prior estimate - the BCA Schedule of Rates extract does not cover this section,https://www1.bca.gov.sg/,2010-12-31,Retained estimate for Piling. Not derived from the loaded SOR extract.,Not covered by the loaded BCA SOR extract.,low,true,"RETAINED ESTIMATE, NOT SOR-DERIVED. The BCA extract carries no piling section. The prior piling estimate is RETAINED rather than inferred from the excavation rates.. Retained so the section is never silently dropped. See replace_with for the publication to license.",# TODO: replace with actual BCA InfoNet piling rates when the licensed schedule is available.
SG,M&E Containment,SMM2,Retained estimate for M&E Containment - not covered by the BCA SOR extract,m,46.00,SGD,2010,,Retained prior estimate - the BCA Schedule of Rates extract does not cover this section,https://www1.bca.gov.sg/,2010-12-31,Retained estimate for M&E Containment. Not derived from the loaded SOR extract.,Not covered by the loaded BCA SOR extract.,low,true,"RETAINED ESTIMATE, NOT SOR-DERIVED. The BCA extract carries no mechanical and electrical section. The prior containment estimate is RETAINED.. Retained so the section is never silently dropped. See replace_with for the publication to license.",# TODO: replace with actual BCA InfoNet M&E rates when the licensed schedule is available.
IN,Piling,IS 1200 / CPWD DSR,"CPWD DSR 2021 Vol-II rates mapped to Piling (DSR chapter 20, bored and driven piling measured per metre)",m,5132.90,INR,2026,2026Q2,CPWD Delhi Schedule of Rates 2021 Vol-II - cumulative-adjusted to Q2 2026,https://cpwd.gov.in/,2026-06-30,"DSR chapter 20, bored and driven piling measured per metre. Derived from the CPWD Delhi Schedule of Rates 2021 Vol-II.","Vol-I chapters (earthwork, concrete, reinforcement, formwork), external works, and any item outside the loaded extract.",medium,false,"DERIVED TO CURRENT. CPWD Delhi Schedule of Rates 2021 Vol-II - cumulative-adjusted to Q2 2026. The rate is the median of 27 published SOR line(s) measured in this unit that map to the Piling section (interquartile range 3,886.79 to 13,258.51; full range 2,369.19 to 25,342.25). The SOR line rates were themselves derived to the 2026 price level by the CPWD DSR 2021 Vol-II rates multiplied by 1.2364, the 23.64% cumulative CPI inflation from 2021 to 2026 stated in the source file, a cumulative factor of 1.2364. Nothing here is invented: every figure traces to a named published schedule of rates. The DSR is published by chapter, and this extract is Vol-II (chapters 13-26), so earthwork, concrete, reinforcement and formwork from Vol-I are not in it. The source file states: this is an estimate; validate with current market quotations.",
IN,Plaster,IS 1200 / CPWD DSR,"CPWD DSR 2021 Vol-II rates mapped to Plaster (DSR chapter 13, cement plaster measured in sqm)",m2,464.14,INR,2026,2026Q2,CPWD Delhi Schedule of Rates 2021 Vol-II - cumulative-adjusted to Q2 2026,https://cpwd.gov.in/,2026-06-30,"DSR chapter 13, cement plaster measured in sqm. Derived from the CPWD Delhi Schedule of Rates 2021 Vol-II.","Vol-I chapters (earthwork, concrete, reinforcement, formwork), external works, and any item outside the loaded extract.",high,false,"DERIVED TO CURRENT. CPWD Delhi Schedule of Rates 2021 Vol-II - cumulative-adjusted to Q2 2026. The rate is the median of 32 published SOR line(s) measured in this unit that map to the Plaster section (interquartile range 401.43 to 534.87; full range 264.96 to 1,218.38). The SOR line rates were themselves derived to the 2026 price level by the CPWD DSR 2021 Vol-II rates multiplied by 1.2364, the 23.64% cumulative CPI inflation from 2021 to 2026 stated in the source file, a cumulative factor of 1.2364. Nothing here is invented: every figure traces to a named published schedule of rates. The DSR is published by chapter, and this extract is Vol-II (chapters 13-26), so earthwork, concrete, reinforcement and formwork from Vol-I are not in it. The source file states: this is an estimate; validate with current market quotations.",
IN,Waterproofing,IS 1200 / CPWD DSR,"CPWD DSR 2021 Vol-II rates mapped to Waterproofing (DSR chapter 22, waterproofing treatment measured in sqm)",m2,645.65,INR,2026,2026Q2,CPWD Delhi Schedule of Rates 2021 Vol-II - cumulative-adjusted to Q2 2026,https://cpwd.gov.in/,2026-06-30,"DSR chapter 22, waterproofing treatment measured in sqm. Derived from the CPWD Delhi Schedule of Rates 2021 Vol-II.","Vol-I chapters (earthwork, concrete, reinforcement, formwork), external works, and any item outside the loaded extract.",high,false,"DERIVED TO CURRENT. CPWD Delhi Schedule of Rates 2021 Vol-II - cumulative-adjusted to Q2 2026. The rate is the median of 17 published SOR line(s) measured in this unit that map to the Waterproofing section (interquartile range 518.27 to 957.10; full range 62.13 to 2,201.16). The SOR line rates were themselves derived to the 2026 price level by the CPWD DSR 2021 Vol-II rates multiplied by 1.2364, the 23.64% cumulative CPI inflation from 2021 to 2026 stated in the source file, a cumulative factor of 1.2364. Nothing here is invented: every figure traces to a named published schedule of rates. The DSR is published by chapter, and this extract is Vol-II (chapters 13-26), so earthwork, concrete, reinforcement and formwork from Vol-I are not in it. The source file states: this is an estimate; validate with current market quotations.",
IN,M&E Containment,IS 1200 / CPWD DSR,"CPWD DSR 2021 Vol-II rates mapped to M&E Containment (DSR chapters 17-19 and 23, water supply, sanitary and drainage pipework per metre)",m,1284.73,INR,2026,2026Q2,CPWD Delhi Schedule of Rates 2021 Vol-II - cumulative-adjusted to Q2 2026,https://cpwd.gov.in/,2026-06-30,"DSR chapters 17-19 and 23, water supply, sanitary and drainage pipework per metre. Derived from the CPWD Delhi Schedule of Rates 2021 Vol-II.","Vol-I chapters (earthwork, concrete, reinforcement, formwork), external works, and any item outside the loaded extract.",medium,false,"DERIVED TO CURRENT. CPWD Delhi Schedule of Rates 2021 Vol-II - cumulative-adjusted to Q2 2026. The rate is the median of 220 published SOR line(s) measured in this unit that map to the M&E Containment section (interquartile range 638.29 to 4,792.62; full range 194.99 to 30,881.75). The SOR line rates were themselves derived to the 2026 price level by the CPWD DSR 2021 Vol-II rates multiplied by 1.2364, the 23.64% cumulative CPI inflation from 2021 to 2026 stated in the source file, a cumulative factor of 1.2364. Nothing here is invented: every figure traces to a named published schedule of rates. The DSR is published by chapter, and this extract is Vol-II (chapters 13-26), so earthwork, concrete, reinforcement and formwork from Vol-I are not in it. The source file states: this is an estimate; validate with current market quotations.",
IN,Preliminaries,IS 1200 / CPWD DSR,Retained estimate for Preliminaries - not covered by the DSR Vol-II extract,item,1200000.00,INR,2023,,Retained prior estimate - the CPWD DSR Vol-II extract does not cover this section,https://cpwd.gov.in/,2023-12-31,Retained estimate for Preliminaries. Not derived from the loaded SOR extract.,Not covered by the loaded CPWD DSR Vol-II extract.,low,true,"RETAINED ESTIMATE, NOT SOR-DERIVED. The DSR Vol-II extract carries no general-requirements or preliminaries section. It holds scaffolding and temporary barricading items, which are measured work rather than a preliminaries lump sum, so the prior preliminaries estimate is RETAINED at the user request rather than rebuilt from them.. Retained so the section is never silently dropped. See replace_with for the publication to license.",# TODO: replace with actual CPWD DSR preliminaries and general requirements rates when the licensed schedule is available.
IN,Excavation,IS 1200 / CPWD DSR,Retained estimate for Excavation - not covered by the DSR Vol-II extract,m3,285.00,INR,2023,,Retained prior estimate - the CPWD DSR Vol-II extract does not cover this section,https://cpwd.gov.in/,2023-12-31,Retained estimate for Excavation. Not derived from the loaded SOR extract.,Not covered by the loaded CPWD DSR Vol-II extract.,medium,true,"RETAINED ESTIMATE, NOT SOR-DERIVED. Earthwork sits in DSR Vol-I, which is not in the loaded extract. The prior estimate is RETAINED.. Retained so the section is never silently dropped. See replace_with for the publication to license.",# TODO: replace with actual CPWD DSR Vol-I earthwork rates when the licensed schedule is available.
IN,Concrete,IS 1200 / CPWD DSR,Retained estimate for Concrete - not covered by the DSR Vol-II extract,m3,7200.00,INR,2023,,Retained prior estimate - the CPWD DSR Vol-II extract does not cover this section,https://cpwd.gov.in/,2023-12-31,Retained estimate for Concrete. Not derived from the loaded SOR extract.,Not covered by the loaded CPWD DSR Vol-II extract.,medium,true,"RETAINED ESTIMATE, NOT SOR-DERIVED. Concrete sits in DSR Vol-I, which is not in the loaded extract. The prior estimate is RETAINED.. Retained so the section is never silently dropped. See replace_with for the publication to license.",# TODO: replace with actual CPWD DSR Vol-I concrete rates when the licensed schedule is available.
IN,Reinforcement,IS 1200 / CPWD DSR,Retained estimate for Reinforcement - not covered by the DSR Vol-II extract,tonne,78000.00,INR,2023,,Retained prior estimate - the CPWD DSR Vol-II extract does not cover this section,https://cpwd.gov.in/,2023-12-31,Retained estimate for Reinforcement. Not derived from the loaded SOR extract.,Not covered by the loaded CPWD DSR Vol-II extract.,medium,true,"RETAINED ESTIMATE, NOT SOR-DERIVED. Reinforcement sits in DSR Vol-I, which is not in the loaded extract. The prior estimate is RETAINED.. Retained so the section is never silently dropped. See replace_with for the publication to license.",# TODO: replace with actual CPWD DSR Vol-I reinforcement rates when the licensed schedule is available.
IN,Formwork,IS 1200 / CPWD DSR,Retained estimate for Formwork - not covered by the DSR Vol-II extract,m2,480.00,INR,2023,,Retained prior estimate - the CPWD DSR Vol-II extract does not cover this section,https://cpwd.gov.in/,2023-12-31,Retained estimate for Formwork. Not derived from the loaded SOR extract.,Not covered by the loaded CPWD DSR Vol-II extract.,medium,true,"RETAINED ESTIMATE, NOT SOR-DERIVED. Formwork sits in DSR Vol-I, which is not in the loaded extract. The prior estimate is RETAINED.. Retained so the section is never silently dropped. See replace_with for the publication to license.",# TODO: replace with actual CPWD DSR Vol-I formwork rates when the licensed schedule is available.
IN,Masonry,IS 1200 / CPWD DSR,Retained estimate for Masonry - not covered by the DSR Vol-II extract,m2,1150.00,INR,2023,,Retained prior estimate - the CPWD DSR Vol-II extract does not cover this section,https://cpwd.gov.in/,2023-12-31,Retained estimate for Masonry. Not derived from the loaded SOR extract.,Not covered by the loaded CPWD DSR Vol-II extract.,medium,true,"RETAINED ESTIMATE, NOT SOR-DERIVED. Brickwork and stone masonry for new work sit in DSR Vol-I. Vol-II chapter 24 holds stone-masonry conservation and repair items only, which are not a new-work rate, so the prior estimate is RETAINED.. Retained so the section is never silently dropped. See replace_with for the publication to license.",# TODO: replace with actual CPWD DSR Vol-I brickwork and masonry rates when the licensed schedule is available.
