country,series_name,month,base_year,base_value,currency,value,source_url,is_placeholder,provenance_note,replace_with
SG,CPI-ALL,2022-01,2024,100.0,SGD,89.81,https://tablebuilder.singstat.gov.sg/api/table/tabledata/M213751,false,"REAL. SingStat Table Builder table M213751, 'Consumer Price Index (CPI), 2024 As Base Year, Monthly', row 'All Items', publisher Singapore Department of Statistics. Consumer Price Index (CPI), 2024 As Base Year, Monthly; source data last updated 24/08/2026. Value taken as published, no transformation. Retrieved 2026-09-11.",
SG,CPI-ALL,2022-02,2024,100.0,SGD,90.59,https://tablebuilder.singstat.gov.sg/api/table/tabledata/M213751,false,"REAL. SingStat Table Builder table M213751, 'Consumer Price Index (CPI), 2024 As Base Year, Monthly', row 'All Items', publisher Singapore Department of Statistics. Consumer Price Index (CPI), 2024 As Base Year, Monthly; source data last updated 24/08/2026. Value taken as published, no transformation. Retrieved 2026-09-11.",
SG,CPI-ALL,2022-03,2024,100.0,SGD,91.715,https://tablebuilder.singstat.gov.sg/api/table/tabledata/M213751,false,"REAL. SingStat Table Builder table M213751, 'Consumer Price Index (CPI), 2024 As Base Year, Monthly', row 'All Items', publisher Singapore Department of Statistics. Consumer Price Index (CPI), 2024 As Base Year, Monthly; source data last updated 24/08/2026. Value taken as published, no transformation. Retrieved 2026-09-11.",
SG,CPI-ALL,2022-04,2024,100.0,SGD,91.594,https://tablebuilder.singstat.gov.sg/api/table/tabledata/M213751,false,"REAL. SingStat Table Builder table M213751, 'Consumer Price Index (CPI), 2024 As Base Year, Monthly', row 'All Items', publisher Singapore Department of Statistics. Consumer Price Index (CPI), 2024 As Base Year, Monthly; source data last updated 24/08/2026. Value taken as published, no transformation. Retrieved 2026-09-11.",
SG,CPI-ALL,2022-05,2024,100.0,SGD,92.502,https://tablebuilder.singstat.gov.sg/api/table/tabledata/M213751,false,"REAL. SingStat Table Builder table M213751, 'Consumer Price Index (CPI), 2024 As Base Year, Monthly', row 'All Items', publisher Singapore Department of Statistics. Consumer Price Index (CPI), 2024 As Base Year, Monthly; source data last updated 24/08/2026. Value taken as published, no transformation. Retrieved 2026-09-11.",
SG,CPI-ALL,2022-06,2024,100.0,SGD,93.423,https://tablebuilder.singstat.gov.sg/api/table/tabledata/M213751,false,"REAL. SingStat Table Builder table M213751, 'Consumer Price Index (CPI), 2024 As Base Year, Monthly', row 'All Items', publisher Singapore Department of Statistics. Consumer Price Index (CPI), 2024 As Base Year, Monthly; source data last updated 24/08/2026. Value taken as published, no transformation. Retrieved 2026-09-11.",
SG,CPI-ALL,2022-07,2024,100.0,SGD,93.563,https://tablebuilder.singstat.gov.sg/api/table/tabledata/M213751,false,"REAL. SingStat Table Builder table M213751, 'Consumer Price Index (CPI), 2024 As Base Year, Monthly', row 'All Items', publisher Singapore Department of Statistics. Consumer Price Index (CPI), 2024 As Base Year, Monthly; source data last updated 24/08/2026. Value taken as published, no transformation. Retrieved 2026-09-11.",
SG,CPI-ALL,2022-08,2024,100.0,SGD,94.445,https://tablebuilder.singstat.gov.sg/api/table/tabledata/M213751,false,"REAL. SingStat Table Builder table M213751, 'Consumer Price Index (CPI), 2024 As Base Year, Monthly', row 'All Items', publisher Singapore Department of Statistics. Consumer Price Index (CPI), 2024 As Base Year, Monthly; source data last updated 24/08/2026. Value taken as published, no transformation. Retrieved 2026-09-11.",
SG,CPI-ALL,2022-09,2024,100.0,SGD,94.854,https://tablebuilder.singstat.gov.sg/api/table/tabledata/M213751,false,"REAL. SingStat Table Builder table M213751, 'Consumer Price Index (CPI), 2024 As Base Year, Monthly', row 'All Items', publisher Singapore Department of Statistics. Consumer Price Index (CPI), 2024 As Base Year, Monthly; source data last updated 24/08/2026. Value taken as published, no transformation. Retrieved 2026-09-11.",
SG,CPI-ALL,2022-10,2024,100.0,SGD,94.475,https://tablebuilder.singstat.gov.sg/api/table/tabledata/M213751,false,"REAL. SingStat Table Builder table M213751, 'Consumer Price Index (CPI), 2024 As Base Year, Monthly', row 'All Items', publisher Singapore Department of Statistics. Consumer Price Index (CPI), 2024 As Base Year, Monthly; source data last updated 24/08/2026. Value taken as published, no transformation. Retrieved 2026-09-11.",
SG,CPI-ALL,2022-11,2024,100.0,SGD,95.396,https://tablebuilder.singstat.gov.sg/api/table/tabledata/M213751,false,"REAL. SingStat Table Builder table M213751, 'Consumer Price Index (CPI), 2024 As Base Year, Monthly', row 'All Items', publisher Singapore Department of Statistics. Consumer Price Index (CPI), 2024 As Base Year, Monthly; source data last updated 24/08/2026. Value taken as published, no transformation. Retrieved 2026-09-11.",
SG,CPI-ALL,2022-12,2024,100.0,SGD,95.591,https://tablebuilder.singstat.gov.sg/api/table/tabledata/M213751,false,"REAL. SingStat Table Builder table M213751, 'Consumer Price Index (CPI), 2024 As Base Year, Monthly', row 'All Items', publisher Singapore Department of Statistics. Consumer Price Index (CPI), 2024 As Base Year, Monthly; source data last updated 24/08/2026. Value taken as published, no transformation. Retrieved 2026-09-11.",
SG,CPI-ALL,2023-01,2024,100.0,SGD,95.772,https://tablebuilder.singstat.gov.sg/api/table/tabledata/M213751,false,"REAL. SingStat Table Builder table M213751, 'Consumer Price Index (CPI), 2024 As Base Year, Monthly', row 'All Items', publisher Singapore Department of Statistics. Consumer Price Index (CPI), 2024 As Base Year, Monthly; source data last updated 24/08/2026. Value taken as published, no transformation. Retrieved 2026-09-11.",
SG,CPI-ALL,2023-02,2024,100.0,SGD,96.308,https://tablebuilder.singstat.gov.sg/api/table/tabledata/M213751,false,"REAL. SingStat Table Builder table M213751, 'Consumer Price Index (CPI), 2024 As Base Year, Monthly', row 'All Items', publisher Singapore Department of Statistics. Consumer Price Index (CPI), 2024 As Base Year, Monthly; source data last updated 24/08/2026. Value taken as published, no transformation. Retrieved 2026-09-11.",
SG,CPI-ALL,2023-03,2024,100.0,SGD,96.792,https://tablebuilder.singstat.gov.sg/api/table/tabledata/M213751,false,"REAL. SingStat Table Builder table M213751, 'Consumer Price Index (CPI), 2024 As Base Year, Monthly', row 'All Items', publisher Singapore Department of Statistics. Consumer Price Index (CPI), 2024 As Base Year, Monthly; source data last updated 24/08/2026. Value taken as published, no transformation. Retrieved 2026-09-11.",
SG,CPI-ALL,2023-04,2024,100.0,SGD,96.869,https://tablebuilder.singstat.gov.sg/api/table/tabledata/M213751,false,"REAL. SingStat Table Builder table M213751, 'Consumer Price Index (CPI), 2024 As Base Year, Monthly', row 'All Items', publisher Singapore Department of Statistics. Consumer Price Index (CPI), 2024 As Base Year, Monthly; source data last updated 24/08/2026. Value taken as published, no transformation. Retrieved 2026-09-11.",
SG,CPI-ALL,2023-05,2024,100.0,SGD,97.181,https://tablebuilder.singstat.gov.sg/api/table/tabledata/M213751,false,"REAL. SingStat Table Builder table M213751, 'Consumer Price Index (CPI), 2024 As Base Year, Monthly', row 'All Items', publisher Singapore Department of Statistics. Consumer Price Index (CPI), 2024 As Base Year, Monthly; source data last updated 24/08/2026. Value taken as published, no transformation. Retrieved 2026-09-11.",
SG,CPI-ALL,2023-06,2024,100.0,SGD,97.645,https://tablebuilder.singstat.gov.sg/api/table/tabledata/M213751,false,"REAL. SingStat Table Builder table M213751, 'Consumer Price Index (CPI), 2024 As Base Year, Monthly', row 'All Items', publisher Singapore Department of Statistics. Consumer Price Index (CPI), 2024 As Base Year, Monthly; source data last updated 24/08/2026. Value taken as published, no transformation. Retrieved 2026-09-11.",
SG,CPI-ALL,2023-07,2024,100.0,SGD,97.417,https://tablebuilder.singstat.gov.sg/api/table/tabledata/M213751,false,"REAL. SingStat Table Builder table M213751, 'Consumer Price Index (CPI), 2024 As Base Year, Monthly', row 'All Items', publisher Singapore Department of Statistics. Consumer Price Index (CPI), 2024 As Base Year, Monthly; source data last updated 24/08/2026. Value taken as published, no transformation. Retrieved 2026-09-11.",
SG,CPI-ALL,2023-08,2024,100.0,SGD,98.278,https://tablebuilder.singstat.gov.sg/api/table/tabledata/M213751,false,"REAL. SingStat Table Builder table M213751, 'Consumer Price Index (CPI), 2024 As Base Year, Monthly', row 'All Items', publisher Singapore Department of Statistics. Consumer Price Index (CPI), 2024 As Base Year, Monthly; source data last updated 24/08/2026. Value taken as published, no transformation. Retrieved 2026-09-11.",
SG,CPI-ALL,2023-09,2024,100.0,SGD,98.776,https://tablebuilder.singstat.gov.sg/api/table/tabledata/M213751,false,"REAL. SingStat Table Builder table M213751, 'Consumer Price Index (CPI), 2024 As Base Year, Monthly', row 'All Items', publisher Singapore Department of Statistics. Consumer Price Index (CPI), 2024 As Base Year, Monthly; source data last updated 24/08/2026. Value taken as published, no transformation. Retrieved 2026-09-11.",
SG,CPI-ALL,2023-10,2024,100.0,SGD,98.974,https://tablebuilder.singstat.gov.sg/api/table/tabledata/M213751,false,"REAL. SingStat Table Builder table M213751, 'Consumer Price Index (CPI), 2024 As Base Year, Monthly', row 'All Items', publisher Singapore Department of Statistics. Consumer Price Index (CPI), 2024 As Base Year, Monthly; source data last updated 24/08/2026. Value taken as published, no transformation. Retrieved 2026-09-11.",
SG,CPI-ALL,2023-11,2024,100.0,SGD,98.808,https://tablebuilder.singstat.gov.sg/api/table/tabledata/M213751,false,"REAL. SingStat Table Builder table M213751, 'Consumer Price Index (CPI), 2024 As Base Year, Monthly', row 'All Items', publisher Singapore Department of Statistics. Consumer Price Index (CPI), 2024 As Base Year, Monthly; source data last updated 24/08/2026. Value taken as published, no transformation. Retrieved 2026-09-11.",
SG,CPI-ALL,2023-12,2024,100.0,SGD,99.177,https://tablebuilder.singstat.gov.sg/api/table/tabledata/M213751,false,"REAL. SingStat Table Builder table M213751, 'Consumer Price Index (CPI), 2024 As Base Year, Monthly', row 'All Items', publisher Singapore Department of Statistics. Consumer Price Index (CPI), 2024 As Base Year, Monthly; source data last updated 24/08/2026. Value taken as published, no transformation. Retrieved 2026-09-11.",
SG,CPI-ALL,2024-01,2024,100.0,SGD,98.752,https://tablebuilder.singstat.gov.sg/api/table/tabledata/M213751,false,"REAL. SingStat Table Builder table M213751, 'Consumer Price Index (CPI), 2024 As Base Year, Monthly', row 'All Items', publisher Singapore Department of Statistics. Consumer Price Index (CPI), 2024 As Base Year, Monthly; source data last updated 24/08/2026. Value taken as published, no transformation. Retrieved 2026-09-11.",
SG,CPI-ALL,2024-02,2024,100.0,SGD,99.755,https://tablebuilder.singstat.gov.sg/api/table/tabledata/M213751,false,"REAL. SingStat Table Builder table M213751, 'Consumer Price Index (CPI), 2024 As Base Year, Monthly', row 'All Items', publisher Singapore Department of Statistics. Consumer Price Index (CPI), 2024 As Base Year, Monthly; source data last updated 24/08/2026. Value taken as published, no transformation. Retrieved 2026-09-11.",
SG,CPI-ALL,2024-03,2024,100.0,SGD,99.712,https://tablebuilder.singstat.gov.sg/api/table/tabledata/M213751,false,"REAL. SingStat Table Builder table M213751, 'Consumer Price Index (CPI), 2024 As Base Year, Monthly', row 'All Items', publisher Singapore Department of Statistics. Consumer Price Index (CPI), 2024 As Base Year, Monthly; source data last updated 24/08/2026. Value taken as published, no transformation. Retrieved 2026-09-11.",
SG,CPI-ALL,2024-04,2024,100.0,SGD,99.426,https://tablebuilder.singstat.gov.sg/api/table/tabledata/M213751,false,"REAL. SingStat Table Builder table M213751, 'Consumer Price Index (CPI), 2024 As Base Year, Monthly', row 'All Items', publisher Singapore Department of Statistics. Consumer Price Index (CPI), 2024 As Base Year, Monthly; source data last updated 24/08/2026. Value taken as published, no transformation. Retrieved 2026-09-11.",
SG,CPI-ALL,2024-05,2024,100.0,SGD,100.209,https://tablebuilder.singstat.gov.sg/api/table/tabledata/M213751,false,"REAL. SingStat Table Builder table M213751, 'Consumer Price Index (CPI), 2024 As Base Year, Monthly', row 'All Items', publisher Singapore Department of Statistics. Consumer Price Index (CPI), 2024 As Base Year, Monthly; source data last updated 24/08/2026. Value taken as published, no transformation. Retrieved 2026-09-11.",
SG,CPI-ALL,2024-06,2024,100.0,SGD,100.104,https://tablebuilder.singstat.gov.sg/api/table/tabledata/M213751,false,"REAL. SingStat Table Builder table M213751, 'Consumer Price Index (CPI), 2024 As Base Year, Monthly', row 'All Items', publisher Singapore Department of Statistics. Consumer Price Index (CPI), 2024 As Base Year, Monthly; source data last updated 24/08/2026. Value taken as published, no transformation. Retrieved 2026-09-11.",
SG,CPI-ALL,2024-07,2024,100.0,SGD,99.818,https://tablebuilder.singstat.gov.sg/api/table/tabledata/M213751,false,"REAL. SingStat Table Builder table M213751, 'Consumer Price Index (CPI), 2024 As Base Year, Monthly', row 'All Items', publisher Singapore Department of Statistics. Consumer Price Index (CPI), 2024 As Base Year, Monthly; source data last updated 24/08/2026. Value taken as published, no transformation. Retrieved 2026-09-11.",
SG,CPI-ALL,2024-08,2024,100.0,SGD,100.414,https://tablebuilder.singstat.gov.sg/api/table/tabledata/M213751,false,"REAL. SingStat Table Builder table M213751, 'Consumer Price Index (CPI), 2024 As Base Year, Monthly', row 'All Items', publisher Singapore Department of Statistics. Consumer Price Index (CPI), 2024 As Base Year, Monthly; source data last updated 24/08/2026. Value taken as published, no transformation. Retrieved 2026-09-11.",
SG,CPI-ALL,2024-09,2024,100.0,SGD,100.645,https://tablebuilder.singstat.gov.sg/api/table/tabledata/M213751,false,"REAL. SingStat Table Builder table M213751, 'Consumer Price Index (CPI), 2024 As Base Year, Monthly', row 'All Items', publisher Singapore Department of Statistics. Consumer Price Index (CPI), 2024 As Base Year, Monthly; source data last updated 24/08/2026. Value taken as published, no transformation. Retrieved 2026-09-11.",
SG,CPI-ALL,2024-10,2024,100.0,SGD,100.119,https://tablebuilder.singstat.gov.sg/api/table/tabledata/M213751,false,"REAL. SingStat Table Builder table M213751, 'Consumer Price Index (CPI), 2024 As Base Year, Monthly', row 'All Items', publisher Singapore Department of Statistics. Consumer Price Index (CPI), 2024 As Base Year, Monthly; source data last updated 24/08/2026. Value taken as published, no transformation. Retrieved 2026-09-11.",
SG,CPI-ALL,2024-11,2024,100.0,SGD,100.387,https://tablebuilder.singstat.gov.sg/api/table/tabledata/M213751,false,"REAL. SingStat Table Builder table M213751, 'Consumer Price Index (CPI), 2024 As Base Year, Monthly', row 'All Items', publisher Singapore Department of Statistics. Consumer Price Index (CPI), 2024 As Base Year, Monthly; source data last updated 24/08/2026. Value taken as published, no transformation. Retrieved 2026-09-11.",
SG,CPI-ALL,2024-12,2024,100.0,SGD,100.661,https://tablebuilder.singstat.gov.sg/api/table/tabledata/M213751,false,"REAL. SingStat Table Builder table M213751, 'Consumer Price Index (CPI), 2024 As Base Year, Monthly', row 'All Items', publisher Singapore Department of Statistics. Consumer Price Index (CPI), 2024 As Base Year, Monthly; source data last updated 24/08/2026. Value taken as published, no transformation. Retrieved 2026-09-11.",
SG,CPI-ALL,2025-01,2024,100.0,SGD,99.908,https://tablebuilder.singstat.gov.sg/api/table/tabledata/M213751,false,"REAL. SingStat Table Builder table M213751, 'Consumer Price Index (CPI), 2024 As Base Year, Monthly', row 'All Items', publisher Singapore Department of Statistics. Consumer Price Index (CPI), 2024 As Base Year, Monthly; source data last updated 24/08/2026. Value taken as published, no transformation. Retrieved 2026-09-11.",
SG,CPI-ALL,2025-02,2024,100.0,SGD,100.677,https://tablebuilder.singstat.gov.sg/api/table/tabledata/M213751,false,"REAL. SingStat Table Builder table M213751, 'Consumer Price Index (CPI), 2024 As Base Year, Monthly', row 'All Items', publisher Singapore Department of Statistics. Consumer Price Index (CPI), 2024 As Base Year, Monthly; source data last updated 24/08/2026. Value taken as published, no transformation. Retrieved 2026-09-11.",
SG,CPI-ALL,2025-03,2024,100.0,SGD,100.599,https://tablebuilder.singstat.gov.sg/api/table/tabledata/M213751,false,"REAL. SingStat Table Builder table M213751, 'Consumer Price Index (CPI), 2024 As Base Year, Monthly', row 'All Items', publisher Singapore Department of Statistics. Consumer Price Index (CPI), 2024 As Base Year, Monthly; source data last updated 24/08/2026. Value taken as published, no transformation. Retrieved 2026-09-11.",
SG,CPI-ALL,2025-04,2024,100.0,SGD,100.283,https://tablebuilder.singstat.gov.sg/api/table/tabledata/M213751,false,"REAL. SingStat Table Builder table M213751, 'Consumer Price Index (CPI), 2024 As Base Year, Monthly', row 'All Items', publisher Singapore Department of Statistics. Consumer Price Index (CPI), 2024 As Base Year, Monthly; source data last updated 24/08/2026. Value taken as published, no transformation. Retrieved 2026-09-11.",
SG,CPI-ALL,2025-05,2024,100.0,SGD,100.978,https://tablebuilder.singstat.gov.sg/api/table/tabledata/M213751,false,"REAL. SingStat Table Builder table M213751, 'Consumer Price Index (CPI), 2024 As Base Year, Monthly', row 'All Items', publisher Singapore Department of Statistics. Consumer Price Index (CPI), 2024 As Base Year, Monthly; source data last updated 24/08/2026. Value taken as published, no transformation. Retrieved 2026-09-11.",
SG,CPI-ALL,2025-06,2024,100.0,SGD,100.9,https://tablebuilder.singstat.gov.sg/api/table/tabledata/M213751,false,"REAL. SingStat Table Builder table M213751, 'Consumer Price Index (CPI), 2024 As Base Year, Monthly', row 'All Items', publisher Singapore Department of Statistics. Consumer Price Index (CPI), 2024 As Base Year, Monthly; source data last updated 24/08/2026. Value taken as published, no transformation. Retrieved 2026-09-11.",
SG,CPI-ALL,2025-07,2024,100.0,SGD,100.447,https://tablebuilder.singstat.gov.sg/api/table/tabledata/M213751,false,"REAL. SingStat Table Builder table M213751, 'Consumer Price Index (CPI), 2024 As Base Year, Monthly', row 'All Items', publisher Singapore Department of Statistics. Consumer Price Index (CPI), 2024 As Base Year, Monthly; source data last updated 24/08/2026. Value taken as published, no transformation. Retrieved 2026-09-11.",
SG,CPI-ALL,2025-08,2024,100.0,SGD,100.963,https://tablebuilder.singstat.gov.sg/api/table/tabledata/M213751,false,"REAL. SingStat Table Builder table M213751, 'Consumer Price Index (CPI), 2024 As Base Year, Monthly', row 'All Items', publisher Singapore Department of Statistics. Consumer Price Index (CPI), 2024 As Base Year, Monthly; source data last updated 24/08/2026. Value taken as published, no transformation. Retrieved 2026-09-11.",
SG,CPI-ALL,2025-09,2024,100.0,SGD,101.32,https://tablebuilder.singstat.gov.sg/api/table/tabledata/M213751,false,"REAL. SingStat Table Builder table M213751, 'Consumer Price Index (CPI), 2024 As Base Year, Monthly', row 'All Items', publisher Singapore Department of Statistics. Consumer Price Index (CPI), 2024 As Base Year, Monthly; source data last updated 24/08/2026. Value taken as published, no transformation. Retrieved 2026-09-11.",
SG,CPI-ALL,2025-10,2024,100.0,SGD,101.33,https://tablebuilder.singstat.gov.sg/api/table/tabledata/M213751,false,"REAL. SingStat Table Builder table M213751, 'Consumer Price Index (CPI), 2024 As Base Year, Monthly', row 'All Items', publisher Singapore Department of Statistics. Consumer Price Index (CPI), 2024 As Base Year, Monthly; source data last updated 24/08/2026. Value taken as published, no transformation. Retrieved 2026-09-11.",
SG,CPI-ALL,2025-11,2024,100.0,SGD,101.579,https://tablebuilder.singstat.gov.sg/api/table/tabledata/M213751,false,"REAL. SingStat Table Builder table M213751, 'Consumer Price Index (CPI), 2024 As Base Year, Monthly', row 'All Items', publisher Singapore Department of Statistics. Consumer Price Index (CPI), 2024 As Base Year, Monthly; source data last updated 24/08/2026. Value taken as published, no transformation. Retrieved 2026-09-11.",
SG,CPI-ALL,2025-12,2024,100.0,SGD,101.854,https://tablebuilder.singstat.gov.sg/api/table/tabledata/M213751,false,"REAL. SingStat Table Builder table M213751, 'Consumer Price Index (CPI), 2024 As Base Year, Monthly', row 'All Items', publisher Singapore Department of Statistics. Consumer Price Index (CPI), 2024 As Base Year, Monthly; source data last updated 24/08/2026. Value taken as published, no transformation. Retrieved 2026-09-11.",
SG,CPI-ALL,2026-01,2024,100.0,SGD,101.333,https://tablebuilder.singstat.gov.sg/api/table/tabledata/M213751,false,"REAL. SingStat Table Builder table M213751, 'Consumer Price Index (CPI), 2024 As Base Year, Monthly', row 'All Items', publisher Singapore Department of Statistics. Consumer Price Index (CPI), 2024 As Base Year, Monthly; source data last updated 24/08/2026. Value taken as published, no transformation. Retrieved 2026-09-11.",
SG,CPI-ALL,2026-02,2024,100.0,SGD,101.918,https://tablebuilder.singstat.gov.sg/api/table/tabledata/M213751,false,"REAL. SingStat Table Builder table M213751, 'Consumer Price Index (CPI), 2024 As Base Year, Monthly', row 'All Items', publisher Singapore Department of Statistics. Consumer Price Index (CPI), 2024 As Base Year, Monthly; source data last updated 24/08/2026. Value taken as published, no transformation. Retrieved 2026-09-11.",
SG,CPI-ALL,2026-03,2024,100.0,SGD,102.405,https://tablebuilder.singstat.gov.sg/api/table/tabledata/M213751,false,"REAL. SingStat Table Builder table M213751, 'Consumer Price Index (CPI), 2024 As Base Year, Monthly', row 'All Items', publisher Singapore Department of Statistics. Consumer Price Index (CPI), 2024 As Base Year, Monthly; source data last updated 24/08/2026. Value taken as published, no transformation. Retrieved 2026-09-11.",
SG,CPI-ALL,2026-04,2024,100.0,SGD,102.052,https://tablebuilder.singstat.gov.sg/api/table/tabledata/M213751,false,"REAL. SingStat Table Builder table M213751, 'Consumer Price Index (CPI), 2024 As Base Year, Monthly', row 'All Items', publisher Singapore Department of Statistics. Consumer Price Index (CPI), 2024 As Base Year, Monthly; source data last updated 24/08/2026. Value taken as published, no transformation. Retrieved 2026-09-11.",
SG,CPI-ALL,2026-05,2024,100.0,SGD,102.814,https://tablebuilder.singstat.gov.sg/api/table/tabledata/M213751,false,"REAL. SingStat Table Builder table M213751, 'Consumer Price Index (CPI), 2024 As Base Year, Monthly', row 'All Items', publisher Singapore Department of Statistics. Consumer Price Index (CPI), 2024 As Base Year, Monthly; source data last updated 24/08/2026. Value taken as published, no transformation. Retrieved 2026-09-11.",
SG,CPI-ALL,2026-06,2024,100.0,SGD,102.858,https://tablebuilder.singstat.gov.sg/api/table/tabledata/M213751,false,"REAL. SingStat Table Builder table M213751, 'Consumer Price Index (CPI), 2024 As Base Year, Monthly', row 'All Items', publisher Singapore Department of Statistics. Consumer Price Index (CPI), 2024 As Base Year, Monthly; source data last updated 24/08/2026. Value taken as published, no transformation. Retrieved 2026-09-11.",
SG,CPI-ALL,2026-07,2024,100.0,SGD,102.696,https://tablebuilder.singstat.gov.sg/api/table/tabledata/M213751,false,"REAL. SingStat Table Builder table M213751, 'Consumer Price Index (CPI), 2024 As Base Year, Monthly', row 'All Items', publisher Singapore Department of Statistics. Consumer Price Index (CPI), 2024 As Base Year, Monthly; source data last updated 24/08/2026. Value taken as published, no transformation. Retrieved 2026-09-11.",
IN,CPI-ALL,2023-01,2024,100.0,INR,93.0,https://api.mospi.gov.in/api/cpi/getCPIData?base_year=2024&year=<YEAR>&month_code=<MONTH>&limit=100&page=1&sector_code=3,false,"REAL. Consumer Price Index, Combined (rural + urban), All-India General index, base 2024 = 100, published monthly by the Ministry of Statistics and Programme Implementation / National Statistical Office, Government of India (eSankhyiki API, sector Combined, state All India). Value taken as published, no transformation. Retrieved 2026-09-11. These months are the publisher's own BACK-CAST series on this base (`series=Back` from the same API), not a rescaled older series, so they are published values.",
IN,CPI-ALL,2023-02,2024,100.0,INR,93.1,https://api.mospi.gov.in/api/cpi/getCPIData?base_year=2024&year=<YEAR>&month_code=<MONTH>&limit=100&page=1&sector_code=3,false,"REAL. Consumer Price Index, Combined (rural + urban), All-India General index, base 2024 = 100, published monthly by the Ministry of Statistics and Programme Implementation / National Statistical Office, Government of India (eSankhyiki API, sector Combined, state All India). Value taken as published, no transformation. Retrieved 2026-09-11. These months are the publisher's own BACK-CAST series on this base (`series=Back` from the same API), not a rescaled older series, so they are published values.",
IN,CPI-ALL,2023-03,2024,100.0,INR,93.3,https://api.mospi.gov.in/api/cpi/getCPIData?base_year=2024&year=<YEAR>&month_code=<MONTH>&limit=100&page=1&sector_code=3,false,"REAL. Consumer Price Index, Combined (rural + urban), All-India General index, base 2024 = 100, published monthly by the Ministry of Statistics and Programme Implementation / National Statistical Office, Government of India (eSankhyiki API, sector Combined, state All India). Value taken as published, no transformation. Retrieved 2026-09-11. These months are the publisher's own BACK-CAST series on this base (`series=Back` from the same API), not a rescaled older series, so they are published values.",
IN,CPI-ALL,2023-04,2024,100.0,INR,93.8,https://api.mospi.gov.in/api/cpi/getCPIData?base_year=2024&year=<YEAR>&month_code=<MONTH>&limit=100&page=1&sector_code=3,false,"REAL. Consumer Price Index, Combined (rural + urban), All-India General index, base 2024 = 100, published monthly by the Ministry of Statistics and Programme Implementation / National Statistical Office, Government of India (eSankhyiki API, sector Combined, state All India). Value taken as published, no transformation. Retrieved 2026-09-11. These months are the publisher's own BACK-CAST series on this base (`series=Back` from the same API), not a rescaled older series, so they are published values.",
IN,CPI-ALL,2023-05,2024,100.0,INR,94.3,https://api.mospi.gov.in/api/cpi/getCPIData?base_year=2024&year=<YEAR>&month_code=<MONTH>&limit=100&page=1&sector_code=3,false,"REAL. Consumer Price Index, Combined (rural + urban), All-India General index, base 2024 = 100, published monthly by the Ministry of Statistics and Programme Implementation / National Statistical Office, Government of India (eSankhyiki API, sector Combined, state All India). Value taken as published, no transformation. Retrieved 2026-09-11. These months are the publisher's own BACK-CAST series on this base (`series=Back` from the same API), not a rescaled older series, so they are published values.",
IN,CPI-ALL,2023-06,2024,100.0,INR,95.3,https://api.mospi.gov.in/api/cpi/getCPIData?base_year=2024&year=<YEAR>&month_code=<MONTH>&limit=100&page=1&sector_code=3,false,"REAL. Consumer Price Index, Combined (rural + urban), All-India General index, base 2024 = 100, published monthly by the Ministry of Statistics and Programme Implementation / National Statistical Office, Government of India (eSankhyiki API, sector Combined, state All India). Value taken as published, no transformation. Retrieved 2026-09-11. These months are the publisher's own BACK-CAST series on this base (`series=Back` from the same API), not a rescaled older series, so they are published values.",
IN,CPI-ALL,2023-07,2024,100.0,INR,98.1,https://api.mospi.gov.in/api/cpi/getCPIData?base_year=2024&year=<YEAR>&month_code=<MONTH>&limit=100&page=1&sector_code=3,false,"REAL. Consumer Price Index, Combined (rural + urban), All-India General index, base 2024 = 100, published monthly by the Ministry of Statistics and Programme Implementation / National Statistical Office, Government of India (eSankhyiki API, sector Combined, state All India). Value taken as published, no transformation. Retrieved 2026-09-11. These months are the publisher's own BACK-CAST series on this base (`series=Back` from the same API), not a rescaled older series, so they are published values.",
IN,CPI-ALL,2023-08,2024,100.0,INR,98.1,https://api.mospi.gov.in/api/cpi/getCPIData?base_year=2024&year=<YEAR>&month_code=<MONTH>&limit=100&page=1&sector_code=3,false,"REAL. Consumer Price Index, Combined (rural + urban), All-India General index, base 2024 = 100, published monthly by the Ministry of Statistics and Programme Implementation / National Statistical Office, Government of India (eSankhyiki API, sector Combined, state All India). Value taken as published, no transformation. Retrieved 2026-09-11. These months are the publisher's own BACK-CAST series on this base (`series=Back` from the same API), not a rescaled older series, so they are published values.",
IN,CPI-ALL,2023-09,2024,100.0,INR,97.0,https://api.mospi.gov.in/api/cpi/getCPIData?base_year=2024&year=<YEAR>&month_code=<MONTH>&limit=100&page=1&sector_code=3,false,"REAL. Consumer Price Index, Combined (rural + urban), All-India General index, base 2024 = 100, published monthly by the Ministry of Statistics and Programme Implementation / National Statistical Office, Government of India (eSankhyiki API, sector Combined, state All India). Value taken as published, no transformation. Retrieved 2026-09-11. These months are the publisher's own BACK-CAST series on this base (`series=Back` from the same API), not a rescaled older series, so they are published values.",
IN,CPI-ALL,2023-10,2024,100.0,INR,97.6,https://api.mospi.gov.in/api/cpi/getCPIData?base_year=2024&year=<YEAR>&month_code=<MONTH>&limit=100&page=1&sector_code=3,false,"REAL. Consumer Price Index, Combined (rural + urban), All-India General index, base 2024 = 100, published monthly by the Ministry of Statistics and Programme Implementation / National Statistical Office, Government of India (eSankhyiki API, sector Combined, state All India). Value taken as published, no transformation. Retrieved 2026-09-11. These months are the publisher's own BACK-CAST series on this base (`series=Back` from the same API), not a rescaled older series, so they are published values.",
IN,CPI-ALL,2023-11,2024,100.0,INR,98.1,https://api.mospi.gov.in/api/cpi/getCPIData?base_year=2024&year=<YEAR>&month_code=<MONTH>&limit=100&page=1&sector_code=3,false,"REAL. Consumer Price Index, Combined (rural + urban), All-India General index, base 2024 = 100, published monthly by the Ministry of Statistics and Programme Implementation / National Statistical Office, Government of India (eSankhyiki API, sector Combined, state All India). Value taken as published, no transformation. Retrieved 2026-09-11. These months are the publisher's own BACK-CAST series on this base (`series=Back` from the same API), not a rescaled older series, so they are published values.",
IN,CPI-ALL,2023-12,2024,100.0,INR,97.8,https://api.mospi.gov.in/api/cpi/getCPIData?base_year=2024&year=<YEAR>&month_code=<MONTH>&limit=100&page=1&sector_code=3,false,"REAL. Consumer Price Index, Combined (rural + urban), All-India General index, base 2024 = 100, published monthly by the Ministry of Statistics and Programme Implementation / National Statistical Office, Government of India (eSankhyiki API, sector Combined, state All India). Value taken as published, no transformation. Retrieved 2026-09-11. These months are the publisher's own BACK-CAST series on this base (`series=Back` from the same API), not a rescaled older series, so they are published values.",
IN,CPI-ALL,2024-01,2024,100.0,INR,97.7,https://api.mospi.gov.in/api/cpi/getCPIData?base_year=2024&year=<YEAR>&month_code=<MONTH>&limit=100&page=1&sector_code=3,false,"REAL. Consumer Price Index, Combined (rural + urban), All-India General index, base 2024 = 100, published monthly by the Ministry of Statistics and Programme Implementation / National Statistical Office, Government of India (eSankhyiki API, sector Combined, state All India). Value taken as published, no transformation. Retrieved 2026-09-11. These months are the publisher's own BACK-CAST series on this base (`series=Back` from the same API), not a rescaled older series, so they are published values.",
IN,CPI-ALL,2024-02,2024,100.0,INR,97.9,https://api.mospi.gov.in/api/cpi/getCPIData?base_year=2024&year=<YEAR>&month_code=<MONTH>&limit=100&page=1&sector_code=3,false,"REAL. Consumer Price Index, Combined (rural + urban), All-India General index, base 2024 = 100, published monthly by the Ministry of Statistics and Programme Implementation / National Statistical Office, Government of India (eSankhyiki API, sector Combined, state All India). Value taken as published, no transformation. Retrieved 2026-09-11. These months are the publisher's own BACK-CAST series on this base (`series=Back` from the same API), not a rescaled older series, so they are published values.",
IN,CPI-ALL,2024-03,2024,100.0,INR,97.9,https://api.mospi.gov.in/api/cpi/getCPIData?base_year=2024&year=<YEAR>&month_code=<MONTH>&limit=100&page=1&sector_code=3,false,"REAL. Consumer Price Index, Combined (rural + urban), All-India General index, base 2024 = 100, published monthly by the Ministry of Statistics and Programme Implementation / National Statistical Office, Government of India (eSankhyiki API, sector Combined, state All India). Value taken as published, no transformation. Retrieved 2026-09-11. These months are the publisher's own BACK-CAST series on this base (`series=Back` from the same API), not a rescaled older series, so they are published values.",
IN,CPI-ALL,2024-04,2024,100.0,INR,98.3,https://api.mospi.gov.in/api/cpi/getCPIData?base_year=2024&year=<YEAR>&month_code=<MONTH>&limit=100&page=1&sector_code=3,false,"REAL. Consumer Price Index, Combined (rural + urban), All-India General index, base 2024 = 100, published monthly by the Ministry of Statistics and Programme Implementation / National Statistical Office, Government of India (eSankhyiki API, sector Combined, state All India). Value taken as published, no transformation. Retrieved 2026-09-11. These months are the publisher's own BACK-CAST series on this base (`series=Back` from the same API), not a rescaled older series, so they are published values.",
IN,CPI-ALL,2024-05,2024,100.0,INR,98.9,https://api.mospi.gov.in/api/cpi/getCPIData?base_year=2024&year=<YEAR>&month_code=<MONTH>&limit=100&page=1&sector_code=3,false,"REAL. Consumer Price Index, Combined (rural + urban), All-India General index, base 2024 = 100, published monthly by the Ministry of Statistics and Programme Implementation / National Statistical Office, Government of India (eSankhyiki API, sector Combined, state All India). Value taken as published, no transformation. Retrieved 2026-09-11. These months are the publisher's own BACK-CAST series on this base (`series=Back` from the same API), not a rescaled older series, so they are published values.",
IN,CPI-ALL,2024-06,2024,100.0,INR,100.2,https://api.mospi.gov.in/api/cpi/getCPIData?base_year=2024&year=<YEAR>&month_code=<MONTH>&limit=100&page=1&sector_code=3,false,"REAL. Consumer Price Index, Combined (rural + urban), All-India General index, base 2024 = 100, published monthly by the Ministry of Statistics and Programme Implementation / National Statistical Office, Government of India (eSankhyiki API, sector Combined, state All India). Value taken as published, no transformation. Retrieved 2026-09-11. These months are the publisher's own BACK-CAST series on this base (`series=Back` from the same API), not a rescaled older series, so they are published values.",
IN,CPI-ALL,2024-07,2024,100.0,INR,101.7,https://api.mospi.gov.in/api/cpi/getCPIData?base_year=2024&year=<YEAR>&month_code=<MONTH>&limit=100&page=1&sector_code=3,false,"REAL. Consumer Price Index, Combined (rural + urban), All-India General index, base 2024 = 100, published monthly by the Ministry of Statistics and Programme Implementation / National Statistical Office, Government of India (eSankhyiki API, sector Combined, state All India). Value taken as published, no transformation. Retrieved 2026-09-11. These months are the publisher's own BACK-CAST series on this base (`series=Back` from the same API), not a rescaled older series, so they are published values.",
IN,CPI-ALL,2024-08,2024,100.0,INR,101.7,https://api.mospi.gov.in/api/cpi/getCPIData?base_year=2024&year=<YEAR>&month_code=<MONTH>&limit=100&page=1&sector_code=3,false,"REAL. Consumer Price Index, Combined (rural + urban), All-India General index, base 2024 = 100, published monthly by the Ministry of Statistics and Programme Implementation / National Statistical Office, Government of India (eSankhyiki API, sector Combined, state All India). Value taken as published, no transformation. Retrieved 2026-09-11. These months are the publisher's own BACK-CAST series on this base (`series=Back` from the same API), not a rescaled older series, so they are published values.",
IN,CPI-ALL,2024-09,2024,100.0,INR,102.3,https://api.mospi.gov.in/api/cpi/getCPIData?base_year=2024&year=<YEAR>&month_code=<MONTH>&limit=100&page=1&sector_code=3,false,"REAL. Consumer Price Index, Combined (rural + urban), All-India General index, base 2024 = 100, published monthly by the Ministry of Statistics and Programme Implementation / National Statistical Office, Government of India (eSankhyiki API, sector Combined, state All India). Value taken as published, no transformation. Retrieved 2026-09-11. These months are the publisher's own BACK-CAST series on this base (`series=Back` from the same API), not a rescaled older series, so they are published values.",
IN,CPI-ALL,2024-10,2024,100.0,INR,103.7,https://api.mospi.gov.in/api/cpi/getCPIData?base_year=2024&year=<YEAR>&month_code=<MONTH>&limit=100&page=1&sector_code=3,false,"REAL. Consumer Price Index, Combined (rural + urban), All-India General index, base 2024 = 100, published monthly by the Ministry of Statistics and Programme Implementation / National Statistical Office, Government of India (eSankhyiki API, sector Combined, state All India). Value taken as published, no transformation. Retrieved 2026-09-11. These months are the publisher's own BACK-CAST series on this base (`series=Back` from the same API), not a rescaled older series, so they are published values.",
IN,CPI-ALL,2024-11,2024,100.0,INR,103.5,https://api.mospi.gov.in/api/cpi/getCPIData?base_year=2024&year=<YEAR>&month_code=<MONTH>&limit=100&page=1&sector_code=3,false,"REAL. Consumer Price Index, Combined (rural + urban), All-India General index, base 2024 = 100, published monthly by the Ministry of Statistics and Programme Implementation / National Statistical Office, Government of India (eSankhyiki API, sector Combined, state All India). Value taken as published, no transformation. Retrieved 2026-09-11. These months are the publisher's own BACK-CAST series on this base (`series=Back` from the same API), not a rescaled older series, so they are published values.",
IN,CPI-ALL,2024-12,2024,100.0,INR,102.9,https://api.mospi.gov.in/api/cpi/getCPIData?base_year=2024&year=<YEAR>&month_code=<MONTH>&limit=100&page=1&sector_code=3,false,"REAL. Consumer Price Index, Combined (rural + urban), All-India General index, base 2024 = 100, published monthly by the Ministry of Statistics and Programme Implementation / National Statistical Office, Government of India (eSankhyiki API, sector Combined, state All India). Value taken as published, no transformation. Retrieved 2026-09-11. These months are the publisher's own BACK-CAST series on this base (`series=Back` from the same API), not a rescaled older series, so they are published values.",
IN,CPI-ALL,2025-01,2024,100.0,INR,101.67,https://api.mospi.gov.in/api/cpi/getCPIData?base_year=2024&year=<YEAR>&month_code=<MONTH>&limit=100&page=1&sector_code=3,false,"REAL. Consumer Price Index, Combined (rural + urban), All-India General index, base 2024 = 100, published monthly by the Ministry of Statistics and Programme Implementation / National Statistical Office, Government of India (eSankhyiki API, sector Combined, state All India). Value taken as published, no transformation. Retrieved 2026-09-11.",
IN,CPI-ALL,2025-02,2024,100.0,INR,101.32,https://api.mospi.gov.in/api/cpi/getCPIData?base_year=2024&year=<YEAR>&month_code=<MONTH>&limit=100&page=1&sector_code=3,false,"REAL. Consumer Price Index, Combined (rural + urban), All-India General index, base 2024 = 100, published monthly by the Ministry of Statistics and Programme Implementation / National Statistical Office, Government of India (eSankhyiki API, sector Combined, state All India). Value taken as published, no transformation. Retrieved 2026-09-11.",
IN,CPI-ALL,2025-03,2024,100.0,INR,101.39,https://api.mospi.gov.in/api/cpi/getCPIData?base_year=2024&year=<YEAR>&month_code=<MONTH>&limit=100&page=1&sector_code=3,false,"REAL. Consumer Price Index, Combined (rural + urban), All-India General index, base 2024 = 100, published monthly by the Ministry of Statistics and Programme Implementation / National Statistical Office, Government of India (eSankhyiki API, sector Combined, state All India). Value taken as published, no transformation. Retrieved 2026-09-11.",
IN,CPI-ALL,2025-04,2024,100.0,INR,101.58,https://api.mospi.gov.in/api/cpi/getCPIData?base_year=2024&year=<YEAR>&month_code=<MONTH>&limit=100&page=1&sector_code=3,false,"REAL. Consumer Price Index, Combined (rural + urban), All-India General index, base 2024 = 100, published monthly by the Ministry of Statistics and Programme Implementation / National Statistical Office, Government of India (eSankhyiki API, sector Combined, state All India). Value taken as published, no transformation. Retrieved 2026-09-11.",
IN,CPI-ALL,2025-05,2024,100.0,INR,101.9,https://api.mospi.gov.in/api/cpi/getCPIData?base_year=2024&year=<YEAR>&month_code=<MONTH>&limit=100&page=1&sector_code=3,false,"REAL. Consumer Price Index, Combined (rural + urban), All-India General index, base 2024 = 100, published monthly by the Ministry of Statistics and Programme Implementation / National Statistical Office, Government of India (eSankhyiki API, sector Combined, state All India). Value taken as published, no transformation. Retrieved 2026-09-11.",
IN,CPI-ALL,2025-06,2024,100.0,INR,102.51,https://api.mospi.gov.in/api/cpi/getCPIData?base_year=2024&year=<YEAR>&month_code=<MONTH>&limit=100&page=1&sector_code=3,false,"REAL. Consumer Price Index, Combined (rural + urban), All-India General index, base 2024 = 100, published monthly by the Ministry of Statistics and Programme Implementation / National Statistical Office, Government of India (eSankhyiki API, sector Combined, state All India). Value taken as published, no transformation. Retrieved 2026-09-11.",
IN,CPI-ALL,2025-07,2024,100.0,INR,103.35,https://api.mospi.gov.in/api/cpi/getCPIData?base_year=2024&year=<YEAR>&month_code=<MONTH>&limit=100&page=1&sector_code=3,false,"REAL. Consumer Price Index, Combined (rural + urban), All-India General index, base 2024 = 100, published monthly by the Ministry of Statistics and Programme Implementation / National Statistical Office, Government of India (eSankhyiki API, sector Combined, state All India). Value taken as published, no transformation. Retrieved 2026-09-11.",
IN,CPI-ALL,2025-08,2024,100.0,INR,103.74,https://api.mospi.gov.in/api/cpi/getCPIData?base_year=2024&year=<YEAR>&month_code=<MONTH>&limit=100&page=1&sector_code=3,false,"REAL. Consumer Price Index, Combined (rural + urban), All-India General index, base 2024 = 100, published monthly by the Ministry of Statistics and Programme Implementation / National Statistical Office, Government of India (eSankhyiki API, sector Combined, state All India). Release dated 2025-09-12. Value taken as published, no transformation. Retrieved 2026-09-11.",
IN,CPI-ALL,2025-09,2024,100.0,INR,103.74,https://api.mospi.gov.in/api/cpi/getCPIData?base_year=2024&year=<YEAR>&month_code=<MONTH>&limit=100&page=1&sector_code=3,false,"REAL. Consumer Price Index, Combined (rural + urban), All-India General index, base 2024 = 100, published monthly by the Ministry of Statistics and Programme Implementation / National Statistical Office, Government of India (eSankhyiki API, sector Combined, state All India). Release dated 2025-10-13. Value taken as published, no transformation. Retrieved 2026-09-11.",
IN,CPI-ALL,2025-10,2024,100.0,INR,103.74,https://api.mospi.gov.in/api/cpi/getCPIData?base_year=2024&year=<YEAR>&month_code=<MONTH>&limit=100&page=1&sector_code=3,false,"REAL. Consumer Price Index, Combined (rural + urban), All-India General index, base 2024 = 100, published monthly by the Ministry of Statistics and Programme Implementation / National Statistical Office, Government of India (eSankhyiki API, sector Combined, state All India). Release dated 2025-11-12. Value taken as published, no transformation. Retrieved 2026-09-11.",
IN,CPI-ALL,2025-11,2024,100.0,INR,104.01,https://api.mospi.gov.in/api/cpi/getCPIData?base_year=2024&year=<YEAR>&month_code=<MONTH>&limit=100&page=1&sector_code=3,false,"REAL. Consumer Price Index, Combined (rural + urban), All-India General index, base 2024 = 100, published monthly by the Ministry of Statistics and Programme Implementation / National Statistical Office, Government of India (eSankhyiki API, sector Combined, state All India). Release dated 2025-12-12. Value taken as published, no transformation. Retrieved 2026-09-11.",
IN,CPI-ALL,2025-12,2024,100.0,INR,104.1,https://api.mospi.gov.in/api/cpi/getCPIData?base_year=2024&year=<YEAR>&month_code=<MONTH>&limit=100&page=1&sector_code=3,false,"REAL. Consumer Price Index, Combined (rural + urban), All-India General index, base 2024 = 100, published monthly by the Ministry of Statistics and Programme Implementation / National Statistical Office, Government of India (eSankhyiki API, sector Combined, state All India). Release dated 2026-01-12. Value taken as published, no transformation. Retrieved 2026-09-11.",
IN,CPI-ALL,2026-01,2024,100.0,INR,104.45,https://api.mospi.gov.in/api/cpi/getCPIData?base_year=2024&year=<YEAR>&month_code=<MONTH>&limit=100&page=1&sector_code=3,false,"REAL. Consumer Price Index, Combined (rural + urban), All-India General index, base 2024 = 100, published monthly by the Ministry of Statistics and Programme Implementation / National Statistical Office, Government of India (eSankhyiki API, sector Combined, state All India). Release dated 2026-02-12. Value taken as published, no transformation. Retrieved 2026-09-11.",
IN,CPI-ALL,2026-02,2024,100.0,INR,104.57,https://api.mospi.gov.in/api/cpi/getCPIData?base_year=2024&year=<YEAR>&month_code=<MONTH>&limit=100&page=1&sector_code=3,false,"REAL. Consumer Price Index, Combined (rural + urban), All-India General index, base 2024 = 100, published monthly by the Ministry of Statistics and Programme Implementation / National Statistical Office, Government of India (eSankhyiki API, sector Combined, state All India). Release dated 2026-03-12. Value taken as published, no transformation. Retrieved 2026-09-11.",
IN,CPI-ALL,2026-03,2024,100.0,INR,104.84,https://api.mospi.gov.in/api/cpi/getCPIData?base_year=2024&year=<YEAR>&month_code=<MONTH>&limit=100&page=1&sector_code=3,false,"REAL. Consumer Price Index, Combined (rural + urban), All-India General index, base 2024 = 100, published monthly by the Ministry of Statistics and Programme Implementation / National Statistical Office, Government of India (eSankhyiki API, sector Combined, state All India). Release dated 2026-04-13. Value taken as published, no transformation. Retrieved 2026-09-11.",
IN,CPI-ALL,2026-04,2024,100.0,INR,105.12,https://api.mospi.gov.in/api/cpi/getCPIData?base_year=2024&year=<YEAR>&month_code=<MONTH>&limit=100&page=1&sector_code=3,false,"REAL. Consumer Price Index, Combined (rural + urban), All-India General index, base 2024 = 100, published monthly by the Ministry of Statistics and Programme Implementation / National Statistical Office, Government of India (eSankhyiki API, sector Combined, state All India). Release dated 2026-05-12. Value taken as published, no transformation. Retrieved 2026-09-11.",
IN,CPI-ALL,2026-05,2024,100.0,INR,105.91,https://api.mospi.gov.in/api/cpi/getCPIData?base_year=2024&year=<YEAR>&month_code=<MONTH>&limit=100&page=1&sector_code=3,false,"REAL. Consumer Price Index, Combined (rural + urban), All-India General index, base 2024 = 100, published monthly by the Ministry of Statistics and Programme Implementation / National Statistical Office, Government of India (eSankhyiki API, sector Combined, state All India). Release dated 2026-06-12. Value taken as published, no transformation. Retrieved 2026-09-11.",
IN,CPI-ALL,2026-06,2024,100.0,INR,107.0,https://api.mospi.gov.in/api/cpi/getCPIData?base_year=2024&year=<YEAR>&month_code=<MONTH>&limit=100&page=1&sector_code=3,false,"REAL. Consumer Price Index, Combined (rural + urban), All-India General index, base 2024 = 100, published monthly by the Ministry of Statistics and Programme Implementation / National Statistical Office, Government of India (eSankhyiki API, sector Combined, state All India). Release dated 2026-07-13. Value taken as published, no transformation. Retrieved 2026-09-11.",
IN,CPI-ALL,2026-07,2024,100.0,INR,107.94,https://api.mospi.gov.in/api/cpi/getCPIData?base_year=2024&year=<YEAR>&month_code=<MONTH>&limit=100&page=1&sector_code=3,false,"REAL. Consumer Price Index, Combined (rural + urban), All-India General index, base 2024 = 100, published monthly by the Ministry of Statistics and Programme Implementation / National Statistical Office, Government of India (eSankhyiki API, sector Combined, state All India). Release dated 2026-08-12. Value taken as published, no transformation. Retrieved 2026-09-11.",
IN,CPI-ALL-2012,2022-01,2012,100.0,INR,165.7,"https://api.mospi.gov.in/api/cpi/getCPIData?base_year=2012&level=Group&series=Current&year=<YEAR>&month_code=1,2,3,4,5,6,7,8,9,10,11,12&limit=100&page=<PAGE>&state_code=99&sector_code=3",false,"REAL. Consumer Price Index, Combined (rural + urban), All-India General index, base 2012 = 100, published monthly by the Ministry of Statistics and Programme Implementation / National Statistical Office, Government of India (eSankhyiki API, sector Combined, state All India). Value taken as published, no transformation. Retrieved 2026-09-11. NOTE: the publisher rebased the CPI to 2024 = 100; this series carries the earlier base and does NOT overlap the current one, so it is stored separately rather than spliced. The engine uses it only when no single series spans both bridge endpoints.",
IN,CPI-ALL-2012,2022-02,2012,100.0,INR,166.1,"https://api.mospi.gov.in/api/cpi/getCPIData?base_year=2012&level=Group&series=Current&year=<YEAR>&month_code=1,2,3,4,5,6,7,8,9,10,11,12&limit=100&page=<PAGE>&state_code=99&sector_code=3",false,"REAL. Consumer Price Index, Combined (rural + urban), All-India General index, base 2012 = 100, published monthly by the Ministry of Statistics and Programme Implementation / National Statistical Office, Government of India (eSankhyiki API, sector Combined, state All India). Value taken as published, no transformation. Retrieved 2026-09-11. NOTE: the publisher rebased the CPI to 2024 = 100; this series carries the earlier base and does NOT overlap the current one, so it is stored separately rather than spliced. The engine uses it only when no single series spans both bridge endpoints.",
IN,CPI-ALL-2012,2022-03,2012,100.0,INR,167.7,"https://api.mospi.gov.in/api/cpi/getCPIData?base_year=2012&level=Group&series=Current&year=<YEAR>&month_code=1,2,3,4,5,6,7,8,9,10,11,12&limit=100&page=<PAGE>&state_code=99&sector_code=3",false,"REAL. Consumer Price Index, Combined (rural + urban), All-India General index, base 2012 = 100, published monthly by the Ministry of Statistics and Programme Implementation / National Statistical Office, Government of India (eSankhyiki API, sector Combined, state All India). Value taken as published, no transformation. Retrieved 2026-09-11. NOTE: the publisher rebased the CPI to 2024 = 100; this series carries the earlier base and does NOT overlap the current one, so it is stored separately rather than spliced. The engine uses it only when no single series spans both bridge endpoints.",
IN,CPI-ALL-2012,2022-04,2012,100.0,INR,170.1,"https://api.mospi.gov.in/api/cpi/getCPIData?base_year=2012&level=Group&series=Current&year=<YEAR>&month_code=1,2,3,4,5,6,7,8,9,10,11,12&limit=100&page=<PAGE>&state_code=99&sector_code=3",false,"REAL. Consumer Price Index, Combined (rural + urban), All-India General index, base 2012 = 100, published monthly by the Ministry of Statistics and Programme Implementation / National Statistical Office, Government of India (eSankhyiki API, sector Combined, state All India). Value taken as published, no transformation. Retrieved 2026-09-11. NOTE: the publisher rebased the CPI to 2024 = 100; this series carries the earlier base and does NOT overlap the current one, so it is stored separately rather than spliced. The engine uses it only when no single series spans both bridge endpoints.",
IN,CPI-ALL-2012,2022-05,2012,100.0,INR,171.7,"https://api.mospi.gov.in/api/cpi/getCPIData?base_year=2012&level=Group&series=Current&year=<YEAR>&month_code=1,2,3,4,5,6,7,8,9,10,11,12&limit=100&page=<PAGE>&state_code=99&sector_code=3",false,"REAL. Consumer Price Index, Combined (rural + urban), All-India General index, base 2012 = 100, published monthly by the Ministry of Statistics and Programme Implementation / National Statistical Office, Government of India (eSankhyiki API, sector Combined, state All India). Value taken as published, no transformation. Retrieved 2026-09-11. NOTE: the publisher rebased the CPI to 2024 = 100; this series carries the earlier base and does NOT overlap the current one, so it is stored separately rather than spliced. The engine uses it only when no single series spans both bridge endpoints.",
IN,CPI-ALL-2012,2022-06,2012,100.0,INR,172.6,"https://api.mospi.gov.in/api/cpi/getCPIData?base_year=2012&level=Group&series=Current&year=<YEAR>&month_code=1,2,3,4,5,6,7,8,9,10,11,12&limit=100&page=<PAGE>&state_code=99&sector_code=3",false,"REAL. Consumer Price Index, Combined (rural + urban), All-India General index, base 2012 = 100, published monthly by the Ministry of Statistics and Programme Implementation / National Statistical Office, Government of India (eSankhyiki API, sector Combined, state All India). Value taken as published, no transformation. Retrieved 2026-09-11. NOTE: the publisher rebased the CPI to 2024 = 100; this series carries the earlier base and does NOT overlap the current one, so it is stored separately rather than spliced. The engine uses it only when no single series spans both bridge endpoints.",
IN,CPI-ALL-2012,2022-07,2012,100.0,INR,173.4,"https://api.mospi.gov.in/api/cpi/getCPIData?base_year=2012&level=Group&series=Current&year=<YEAR>&month_code=1,2,3,4,5,6,7,8,9,10,11,12&limit=100&page=<PAGE>&state_code=99&sector_code=3",false,"REAL. Consumer Price Index, Combined (rural + urban), All-India General index, base 2012 = 100, published monthly by the Ministry of Statistics and Programme Implementation / National Statistical Office, Government of India (eSankhyiki API, sector Combined, state All India). Value taken as published, no transformation. Retrieved 2026-09-11. NOTE: the publisher rebased the CPI to 2024 = 100; this series carries the earlier base and does NOT overlap the current one, so it is stored separately rather than spliced. The engine uses it only when no single series spans both bridge endpoints.",
IN,CPI-ALL-2012,2022-08,2012,100.0,INR,174.3,"https://api.mospi.gov.in/api/cpi/getCPIData?base_year=2012&level=Group&series=Current&year=<YEAR>&month_code=1,2,3,4,5,6,7,8,9,10,11,12&limit=100&page=<PAGE>&state_code=99&sector_code=3",false,"REAL. Consumer Price Index, Combined (rural + urban), All-India General index, base 2012 = 100, published monthly by the Ministry of Statistics and Programme Implementation / National Statistical Office, Government of India (eSankhyiki API, sector Combined, state All India). Value taken as published, no transformation. Retrieved 2026-09-11. NOTE: the publisher rebased the CPI to 2024 = 100; this series carries the earlier base and does NOT overlap the current one, so it is stored separately rather than spliced. The engine uses it only when no single series spans both bridge endpoints.",
IN,CPI-ALL-2012,2022-09,2012,100.0,INR,175.3,"https://api.mospi.gov.in/api/cpi/getCPIData?base_year=2012&level=Group&series=Current&year=<YEAR>&month_code=1,2,3,4,5,6,7,8,9,10,11,12&limit=100&page=<PAGE>&state_code=99&sector_code=3",false,"REAL. Consumer Price Index, Combined (rural + urban), All-India General index, base 2012 = 100, published monthly by the Ministry of Statistics and Programme Implementation / National Statistical Office, Government of India (eSankhyiki API, sector Combined, state All India). Value taken as published, no transformation. Retrieved 2026-09-11. NOTE: the publisher rebased the CPI to 2024 = 100; this series carries the earlier base and does NOT overlap the current one, so it is stored separately rather than spliced. The engine uses it only when no single series spans both bridge endpoints.",
IN,CPI-ALL-2012,2022-10,2012,100.0,INR,176.7,"https://api.mospi.gov.in/api/cpi/getCPIData?base_year=2012&level=Group&series=Current&year=<YEAR>&month_code=1,2,3,4,5,6,7,8,9,10,11,12&limit=100&page=<PAGE>&state_code=99&sector_code=3",false,"REAL. Consumer Price Index, Combined (rural + urban), All-India General index, base 2012 = 100, published monthly by the Ministry of Statistics and Programme Implementation / National Statistical Office, Government of India (eSankhyiki API, sector Combined, state All India). Value taken as published, no transformation. Retrieved 2026-09-11. NOTE: the publisher rebased the CPI to 2024 = 100; this series carries the earlier base and does NOT overlap the current one, so it is stored separately rather than spliced. The engine uses it only when no single series spans both bridge endpoints.",
IN,CPI-ALL-2012,2022-11,2012,100.0,INR,176.5,"https://api.mospi.gov.in/api/cpi/getCPIData?base_year=2012&level=Group&series=Current&year=<YEAR>&month_code=1,2,3,4,5,6,7,8,9,10,11,12&limit=100&page=<PAGE>&state_code=99&sector_code=3",false,"REAL. Consumer Price Index, Combined (rural + urban), All-India General index, base 2012 = 100, published monthly by the Ministry of Statistics and Programme Implementation / National Statistical Office, Government of India (eSankhyiki API, sector Combined, state All India). Value taken as published, no transformation. Retrieved 2026-09-11. NOTE: the publisher rebased the CPI to 2024 = 100; this series carries the earlier base and does NOT overlap the current one, so it is stored separately rather than spliced. The engine uses it only when no single series spans both bridge endpoints.",
IN,CPI-ALL-2012,2022-12,2012,100.0,INR,175.7,"https://api.mospi.gov.in/api/cpi/getCPIData?base_year=2012&level=Group&series=Current&year=<YEAR>&month_code=1,2,3,4,5,6,7,8,9,10,11,12&limit=100&page=<PAGE>&state_code=99&sector_code=3",false,"REAL. Consumer Price Index, Combined (rural + urban), All-India General index, base 2012 = 100, published monthly by the Ministry of Statistics and Programme Implementation / National Statistical Office, Government of India (eSankhyiki API, sector Combined, state All India). Value taken as published, no transformation. Retrieved 2026-09-11. NOTE: the publisher rebased the CPI to 2024 = 100; this series carries the earlier base and does NOT overlap the current one, so it is stored separately rather than spliced. The engine uses it only when no single series spans both bridge endpoints.",
IN,CPI-ALL-2012,2023-01,2012,100.0,INR,176.5,"https://api.mospi.gov.in/api/cpi/getCPIData?base_year=2012&level=Group&series=Current&year=<YEAR>&month_code=1,2,3,4,5,6,7,8,9,10,11,12&limit=100&page=<PAGE>&state_code=99&sector_code=3",false,"REAL. Consumer Price Index, Combined (rural + urban), All-India General index, base 2012 = 100, published monthly by the Ministry of Statistics and Programme Implementation / National Statistical Office, Government of India (eSankhyiki API, sector Combined, state All India). Value taken as published, no transformation. Retrieved 2026-09-11. NOTE: the publisher rebased the CPI to 2024 = 100; this series carries the earlier base and does NOT overlap the current one, so it is stored separately rather than spliced. The engine uses it only when no single series spans both bridge endpoints.",
IN,CPI-ALL-2012,2023-02,2012,100.0,INR,176.8,"https://api.mospi.gov.in/api/cpi/getCPIData?base_year=2012&level=Group&series=Current&year=<YEAR>&month_code=1,2,3,4,5,6,7,8,9,10,11,12&limit=100&page=<PAGE>&state_code=99&sector_code=3",false,"REAL. Consumer Price Index, Combined (rural + urban), All-India General index, base 2012 = 100, published monthly by the Ministry of Statistics and Programme Implementation / National Statistical Office, Government of India (eSankhyiki API, sector Combined, state All India). Value taken as published, no transformation. Retrieved 2026-09-11. NOTE: the publisher rebased the CPI to 2024 = 100; this series carries the earlier base and does NOT overlap the current one, so it is stored separately rather than spliced. The engine uses it only when no single series spans both bridge endpoints.",
IN,CPI-ALL-2012,2023-03,2012,100.0,INR,177.2,"https://api.mospi.gov.in/api/cpi/getCPIData?base_year=2012&level=Group&series=Current&year=<YEAR>&month_code=1,2,3,4,5,6,7,8,9,10,11,12&limit=100&page=<PAGE>&state_code=99&sector_code=3",false,"REAL. Consumer Price Index, Combined (rural + urban), All-India General index, base 2012 = 100, published monthly by the Ministry of Statistics and Programme Implementation / National Statistical Office, Government of India (eSankhyiki API, sector Combined, state All India). Value taken as published, no transformation. Retrieved 2026-09-11. NOTE: the publisher rebased the CPI to 2024 = 100; this series carries the earlier base and does NOT overlap the current one, so it is stored separately rather than spliced. The engine uses it only when no single series spans both bridge endpoints.",
IN,CPI-ALL-2012,2023-04,2012,100.0,INR,178.1,"https://api.mospi.gov.in/api/cpi/getCPIData?base_year=2012&level=Group&series=Current&year=<YEAR>&month_code=1,2,3,4,5,6,7,8,9,10,11,12&limit=100&page=<PAGE>&state_code=99&sector_code=3",false,"REAL. Consumer Price Index, Combined (rural + urban), All-India General index, base 2012 = 100, published monthly by the Ministry of Statistics and Programme Implementation / National Statistical Office, Government of India (eSankhyiki API, sector Combined, state All India). Value taken as published, no transformation. Retrieved 2026-09-11. NOTE: the publisher rebased the CPI to 2024 = 100; this series carries the earlier base and does NOT overlap the current one, so it is stored separately rather than spliced. The engine uses it only when no single series spans both bridge endpoints.",
IN,CPI-ALL-2012,2023-05,2012,100.0,INR,179.1,"https://api.mospi.gov.in/api/cpi/getCPIData?base_year=2012&level=Group&series=Current&year=<YEAR>&month_code=1,2,3,4,5,6,7,8,9,10,11,12&limit=100&page=<PAGE>&state_code=99&sector_code=3",false,"REAL. Consumer Price Index, Combined (rural + urban), All-India General index, base 2012 = 100, published monthly by the Ministry of Statistics and Programme Implementation / National Statistical Office, Government of India (eSankhyiki API, sector Combined, state All India). Value taken as published, no transformation. Retrieved 2026-09-11. NOTE: the publisher rebased the CPI to 2024 = 100; this series carries the earlier base and does NOT overlap the current one, so it is stored separately rather than spliced. The engine uses it only when no single series spans both bridge endpoints.",
IN,CPI-ALL-2012,2023-06,2012,100.0,INR,181.0,"https://api.mospi.gov.in/api/cpi/getCPIData?base_year=2012&level=Group&series=Current&year=<YEAR>&month_code=1,2,3,4,5,6,7,8,9,10,11,12&limit=100&page=<PAGE>&state_code=99&sector_code=3",false,"REAL. Consumer Price Index, Combined (rural + urban), All-India General index, base 2012 = 100, published monthly by the Ministry of Statistics and Programme Implementation / National Statistical Office, Government of India (eSankhyiki API, sector Combined, state All India). Value taken as published, no transformation. Retrieved 2026-09-11. NOTE: the publisher rebased the CPI to 2024 = 100; this series carries the earlier base and does NOT overlap the current one, so it is stored separately rather than spliced. The engine uses it only when no single series spans both bridge endpoints.",
IN,CPI-ALL-2012,2023-07,2012,100.0,INR,186.3,"https://api.mospi.gov.in/api/cpi/getCPIData?base_year=2012&level=Group&series=Current&year=<YEAR>&month_code=1,2,3,4,5,6,7,8,9,10,11,12&limit=100&page=<PAGE>&state_code=99&sector_code=3",false,"REAL. Consumer Price Index, Combined (rural + urban), All-India General index, base 2012 = 100, published monthly by the Ministry of Statistics and Programme Implementation / National Statistical Office, Government of India (eSankhyiki API, sector Combined, state All India). Value taken as published, no transformation. Retrieved 2026-09-11. NOTE: the publisher rebased the CPI to 2024 = 100; this series carries the earlier base and does NOT overlap the current one, so it is stored separately rather than spliced. The engine uses it only when no single series spans both bridge endpoints.",
IN,CPI-ALL-2012,2023-08,2012,100.0,INR,186.2,"https://api.mospi.gov.in/api/cpi/getCPIData?base_year=2012&level=Group&series=Current&year=<YEAR>&month_code=1,2,3,4,5,6,7,8,9,10,11,12&limit=100&page=<PAGE>&state_code=99&sector_code=3",false,"REAL. Consumer Price Index, Combined (rural + urban), All-India General index, base 2012 = 100, published monthly by the Ministry of Statistics and Programme Implementation / National Statistical Office, Government of India (eSankhyiki API, sector Combined, state All India). Value taken as published, no transformation. Retrieved 2026-09-11. NOTE: the publisher rebased the CPI to 2024 = 100; this series carries the earlier base and does NOT overlap the current one, so it is stored separately rather than spliced. The engine uses it only when no single series spans both bridge endpoints.",
IN,CPI-ALL-2012,2023-09,2012,100.0,INR,184.1,"https://api.mospi.gov.in/api/cpi/getCPIData?base_year=2012&level=Group&series=Current&year=<YEAR>&month_code=1,2,3,4,5,6,7,8,9,10,11,12&limit=100&page=<PAGE>&state_code=99&sector_code=3",false,"REAL. Consumer Price Index, Combined (rural + urban), All-India General index, base 2012 = 100, published monthly by the Ministry of Statistics and Programme Implementation / National Statistical Office, Government of India (eSankhyiki API, sector Combined, state All India). Value taken as published, no transformation. Retrieved 2026-09-11. NOTE: the publisher rebased the CPI to 2024 = 100; this series carries the earlier base and does NOT overlap the current one, so it is stored separately rather than spliced. The engine uses it only when no single series spans both bridge endpoints.",
IN,CPI-ALL-2012,2023-10,2012,100.0,INR,185.3,"https://api.mospi.gov.in/api/cpi/getCPIData?base_year=2012&level=Group&series=Current&year=<YEAR>&month_code=1,2,3,4,5,6,7,8,9,10,11,12&limit=100&page=<PAGE>&state_code=99&sector_code=3",false,"REAL. Consumer Price Index, Combined (rural + urban), All-India General index, base 2012 = 100, published monthly by the Ministry of Statistics and Programme Implementation / National Statistical Office, Government of India (eSankhyiki API, sector Combined, state All India). Value taken as published, no transformation. Retrieved 2026-09-11. NOTE: the publisher rebased the CPI to 2024 = 100; this series carries the earlier base and does NOT overlap the current one, so it is stored separately rather than spliced. The engine uses it only when no single series spans both bridge endpoints.",
IN,CPI-ALL-2012,2023-11,2012,100.0,INR,186.3,"https://api.mospi.gov.in/api/cpi/getCPIData?base_year=2012&level=Group&series=Current&year=<YEAR>&month_code=1,2,3,4,5,6,7,8,9,10,11,12&limit=100&page=<PAGE>&state_code=99&sector_code=3",false,"REAL. Consumer Price Index, Combined (rural + urban), All-India General index, base 2012 = 100, published monthly by the Ministry of Statistics and Programme Implementation / National Statistical Office, Government of India (eSankhyiki API, sector Combined, state All India). Value taken as published, no transformation. Retrieved 2026-09-11. NOTE: the publisher rebased the CPI to 2024 = 100; this series carries the earlier base and does NOT overlap the current one, so it is stored separately rather than spliced. The engine uses it only when no single series spans both bridge endpoints.",
IN,CPI-ALL-2012,2023-12,2012,100.0,INR,185.7,"https://api.mospi.gov.in/api/cpi/getCPIData?base_year=2012&level=Group&series=Current&year=<YEAR>&month_code=1,2,3,4,5,6,7,8,9,10,11,12&limit=100&page=<PAGE>&state_code=99&sector_code=3",false,"REAL. Consumer Price Index, Combined (rural + urban), All-India General index, base 2012 = 100, published monthly by the Ministry of Statistics and Programme Implementation / National Statistical Office, Government of India (eSankhyiki API, sector Combined, state All India). Value taken as published, no transformation. Retrieved 2026-09-11. NOTE: the publisher rebased the CPI to 2024 = 100; this series carries the earlier base and does NOT overlap the current one, so it is stored separately rather than spliced. The engine uses it only when no single series spans both bridge endpoints.",
IN,CPI-ALL-2012,2024-01,2012,100.0,INR,185.5,"https://api.mospi.gov.in/api/cpi/getCPIData?base_year=2012&level=Group&series=Current&year=<YEAR>&month_code=1,2,3,4,5,6,7,8,9,10,11,12&limit=100&page=<PAGE>&state_code=99&sector_code=3",false,"REAL. Consumer Price Index, Combined (rural + urban), All-India General index, base 2012 = 100, published monthly by the Ministry of Statistics and Programme Implementation / National Statistical Office, Government of India (eSankhyiki API, sector Combined, state All India). Value taken as published, no transformation. Retrieved 2026-09-11. NOTE: the publisher rebased the CPI to 2024 = 100; this series carries the earlier base and does NOT overlap the current one, so it is stored separately rather than spliced. The engine uses it only when no single series spans both bridge endpoints.",
IN,CPI-ALL-2012,2024-02,2012,100.0,INR,185.8,"https://api.mospi.gov.in/api/cpi/getCPIData?base_year=2012&level=Group&series=Current&year=<YEAR>&month_code=1,2,3,4,5,6,7,8,9,10,11,12&limit=100&page=<PAGE>&state_code=99&sector_code=3",false,"REAL. Consumer Price Index, Combined (rural + urban), All-India General index, base 2012 = 100, published monthly by the Ministry of Statistics and Programme Implementation / National Statistical Office, Government of India (eSankhyiki API, sector Combined, state All India). Value taken as published, no transformation. Retrieved 2026-09-11. NOTE: the publisher rebased the CPI to 2024 = 100; this series carries the earlier base and does NOT overlap the current one, so it is stored separately rather than spliced. The engine uses it only when no single series spans both bridge endpoints.",
IN,CPI-ALL-2012,2024-03,2012,100.0,INR,185.8,"https://api.mospi.gov.in/api/cpi/getCPIData?base_year=2012&level=Group&series=Current&year=<YEAR>&month_code=1,2,3,4,5,6,7,8,9,10,11,12&limit=100&page=<PAGE>&state_code=99&sector_code=3",false,"REAL. Consumer Price Index, Combined (rural + urban), All-India General index, base 2012 = 100, published monthly by the Ministry of Statistics and Programme Implementation / National Statistical Office, Government of India (eSankhyiki API, sector Combined, state All India). Value taken as published, no transformation. Retrieved 2026-09-11. NOTE: the publisher rebased the CPI to 2024 = 100; this series carries the earlier base and does NOT overlap the current one, so it is stored separately rather than spliced. The engine uses it only when no single series spans both bridge endpoints.",
IN,CPI-ALL-2012,2024-04,2012,100.0,INR,186.7,"https://api.mospi.gov.in/api/cpi/getCPIData?base_year=2012&level=Group&series=Current&year=<YEAR>&month_code=1,2,3,4,5,6,7,8,9,10,11,12&limit=100&page=<PAGE>&state_code=99&sector_code=3",false,"REAL. Consumer Price Index, Combined (rural + urban), All-India General index, base 2012 = 100, published monthly by the Ministry of Statistics and Programme Implementation / National Statistical Office, Government of India (eSankhyiki API, sector Combined, state All India). Value taken as published, no transformation. Retrieved 2026-09-11. NOTE: the publisher rebased the CPI to 2024 = 100; this series carries the earlier base and does NOT overlap the current one, so it is stored separately rather than spliced. The engine uses it only when no single series spans both bridge endpoints.",
IN,CPI-ALL-2012,2024-05,2012,100.0,INR,187.7,"https://api.mospi.gov.in/api/cpi/getCPIData?base_year=2012&level=Group&series=Current&year=<YEAR>&month_code=1,2,3,4,5,6,7,8,9,10,11,12&limit=100&page=<PAGE>&state_code=99&sector_code=3",false,"REAL. Consumer Price Index, Combined (rural + urban), All-India General index, base 2012 = 100, published monthly by the Ministry of Statistics and Programme Implementation / National Statistical Office, Government of India (eSankhyiki API, sector Combined, state All India). Value taken as published, no transformation. Retrieved 2026-09-11. NOTE: the publisher rebased the CPI to 2024 = 100; this series carries the earlier base and does NOT overlap the current one, so it is stored separately rather than spliced. The engine uses it only when no single series spans both bridge endpoints.",
IN,CPI-ALL-2012,2024-06,2012,100.0,INR,190.2,"https://api.mospi.gov.in/api/cpi/getCPIData?base_year=2012&level=Group&series=Current&year=<YEAR>&month_code=1,2,3,4,5,6,7,8,9,10,11,12&limit=100&page=<PAGE>&state_code=99&sector_code=3",false,"REAL. Consumer Price Index, Combined (rural + urban), All-India General index, base 2012 = 100, published monthly by the Ministry of Statistics and Programme Implementation / National Statistical Office, Government of India (eSankhyiki API, sector Combined, state All India). Value taken as published, no transformation. Retrieved 2026-09-11. NOTE: the publisher rebased the CPI to 2024 = 100; this series carries the earlier base and does NOT overlap the current one, so it is stored separately rather than spliced. The engine uses it only when no single series spans both bridge endpoints.",
IN,CPI-ALL-2012,2024-07,2012,100.0,INR,193.0,"https://api.mospi.gov.in/api/cpi/getCPIData?base_year=2012&level=Group&series=Current&year=<YEAR>&month_code=1,2,3,4,5,6,7,8,9,10,11,12&limit=100&page=<PAGE>&state_code=99&sector_code=3",false,"REAL. Consumer Price Index, Combined (rural + urban), All-India General index, base 2012 = 100, published monthly by the Ministry of Statistics and Programme Implementation / National Statistical Office, Government of India (eSankhyiki API, sector Combined, state All India). Value taken as published, no transformation. Retrieved 2026-09-11. NOTE: the publisher rebased the CPI to 2024 = 100; this series carries the earlier base and does NOT overlap the current one, so it is stored separately rather than spliced. The engine uses it only when no single series spans both bridge endpoints.",
IN,CPI-ALL-2012,2024-08,2012,100.0,INR,193.0,"https://api.mospi.gov.in/api/cpi/getCPIData?base_year=2012&level=Group&series=Current&year=<YEAR>&month_code=1,2,3,4,5,6,7,8,9,10,11,12&limit=100&page=<PAGE>&state_code=99&sector_code=3",false,"REAL. Consumer Price Index, Combined (rural + urban), All-India General index, base 2012 = 100, published monthly by the Ministry of Statistics and Programme Implementation / National Statistical Office, Government of India (eSankhyiki API, sector Combined, state All India). Value taken as published, no transformation. Retrieved 2026-09-11. NOTE: the publisher rebased the CPI to 2024 = 100; this series carries the earlier base and does NOT overlap the current one, so it is stored separately rather than spliced. The engine uses it only when no single series spans both bridge endpoints.",
IN,CPI-ALL-2012,2024-09,2012,100.0,INR,194.2,"https://api.mospi.gov.in/api/cpi/getCPIData?base_year=2012&level=Group&series=Current&year=<YEAR>&month_code=1,2,3,4,5,6,7,8,9,10,11,12&limit=100&page=<PAGE>&state_code=99&sector_code=3",false,"REAL. Consumer Price Index, Combined (rural + urban), All-India General index, base 2012 = 100, published monthly by the Ministry of Statistics and Programme Implementation / National Statistical Office, Government of India (eSankhyiki API, sector Combined, state All India). Value taken as published, no transformation. Retrieved 2026-09-11. NOTE: the publisher rebased the CPI to 2024 = 100; this series carries the earlier base and does NOT overlap the current one, so it is stored separately rather than spliced. The engine uses it only when no single series spans both bridge endpoints.",
IN,CPI-ALL-2012,2024-10,2012,100.0,INR,196.8,"https://api.mospi.gov.in/api/cpi/getCPIData?base_year=2012&level=Group&series=Current&year=<YEAR>&month_code=1,2,3,4,5,6,7,8,9,10,11,12&limit=100&page=<PAGE>&state_code=99&sector_code=3",false,"REAL. Consumer Price Index, Combined (rural + urban), All-India General index, base 2012 = 100, published monthly by the Ministry of Statistics and Programme Implementation / National Statistical Office, Government of India (eSankhyiki API, sector Combined, state All India). Value taken as published, no transformation. Retrieved 2026-09-11. NOTE: the publisher rebased the CPI to 2024 = 100; this series carries the earlier base and does NOT overlap the current one, so it is stored separately rather than spliced. The engine uses it only when no single series spans both bridge endpoints.",
IN,CPI-ALL-2012,2024-11,2012,100.0,INR,196.5,"https://api.mospi.gov.in/api/cpi/getCPIData?base_year=2012&level=Group&series=Current&year=<YEAR>&month_code=1,2,3,4,5,6,7,8,9,10,11,12&limit=100&page=<PAGE>&state_code=99&sector_code=3",false,"REAL. Consumer Price Index, Combined (rural + urban), All-India General index, base 2012 = 100, published monthly by the Ministry of Statistics and Programme Implementation / National Statistical Office, Government of India (eSankhyiki API, sector Combined, state All India). Value taken as published, no transformation. Retrieved 2026-09-11. NOTE: the publisher rebased the CPI to 2024 = 100; this series carries the earlier base and does NOT overlap the current one, so it is stored separately rather than spliced. The engine uses it only when no single series spans both bridge endpoints.",
IN,CPI-ALL-2012,2024-12,2012,100.0,INR,195.4,"https://api.mospi.gov.in/api/cpi/getCPIData?base_year=2012&level=Group&series=Current&year=<YEAR>&month_code=1,2,3,4,5,6,7,8,9,10,11,12&limit=100&page=<PAGE>&state_code=99&sector_code=3",false,"REAL. Consumer Price Index, Combined (rural + urban), All-India General index, base 2012 = 100, published monthly by the Ministry of Statistics and Programme Implementation / National Statistical Office, Government of India (eSankhyiki API, sector Combined, state All India). Value taken as published, no transformation. Retrieved 2026-09-11. NOTE: the publisher rebased the CPI to 2024 = 100; this series carries the earlier base and does NOT overlap the current one, so it is stored separately rather than spliced. The engine uses it only when no single series spans both bridge endpoints.",
IN,CPI-ALL-2012,2025-01,2012,100.0,INR,193.4,"https://api.mospi.gov.in/api/cpi/getCPIData?base_year=2012&level=Group&series=Current&year=<YEAR>&month_code=1,2,3,4,5,6,7,8,9,10,11,12&limit=100&page=<PAGE>&state_code=99&sector_code=3",false,"REAL. Consumer Price Index, Combined (rural + urban), All-India General index, base 2012 = 100, published monthly by the Ministry of Statistics and Programme Implementation / National Statistical Office, Government of India (eSankhyiki API, sector Combined, state All India). Value taken as published, no transformation. Retrieved 2026-09-11. NOTE: the publisher rebased the CPI to 2024 = 100; this series carries the earlier base and does NOT overlap the current one, so it is stored separately rather than spliced. The engine uses it only when no single series spans both bridge endpoints.",
IN,CPI-ALL-2012,2025-02,2012,100.0,INR,192.5,"https://api.mospi.gov.in/api/cpi/getCPIData?base_year=2012&level=Group&series=Current&year=<YEAR>&month_code=1,2,3,4,5,6,7,8,9,10,11,12&limit=100&page=<PAGE>&state_code=99&sector_code=3",false,"REAL. Consumer Price Index, Combined (rural + urban), All-India General index, base 2012 = 100, published monthly by the Ministry of Statistics and Programme Implementation / National Statistical Office, Government of India (eSankhyiki API, sector Combined, state All India). Value taken as published, no transformation. Retrieved 2026-09-11. NOTE: the publisher rebased the CPI to 2024 = 100; this series carries the earlier base and does NOT overlap the current one, so it is stored separately rather than spliced. The engine uses it only when no single series spans both bridge endpoints.",
IN,CPI-ALL-2012,2025-03,2012,100.0,INR,192.0,"https://api.mospi.gov.in/api/cpi/getCPIData?base_year=2012&level=Group&series=Current&year=<YEAR>&month_code=1,2,3,4,5,6,7,8,9,10,11,12&limit=100&page=<PAGE>&state_code=99&sector_code=3",false,"REAL. Consumer Price Index, Combined (rural + urban), All-India General index, base 2012 = 100, published monthly by the Ministry of Statistics and Programme Implementation / National Statistical Office, Government of India (eSankhyiki API, sector Combined, state All India). Value taken as published, no transformation. Retrieved 2026-09-11. NOTE: the publisher rebased the CPI to 2024 = 100; this series carries the earlier base and does NOT overlap the current one, so it is stored separately rather than spliced. The engine uses it only when no single series spans both bridge endpoints.",
IN,CPI-ALL-2012,2025-04,2012,100.0,INR,192.6,"https://api.mospi.gov.in/api/cpi/getCPIData?base_year=2012&level=Group&series=Current&year=<YEAR>&month_code=1,2,3,4,5,6,7,8,9,10,11,12&limit=100&page=<PAGE>&state_code=99&sector_code=3",false,"REAL. Consumer Price Index, Combined (rural + urban), All-India General index, base 2012 = 100, published monthly by the Ministry of Statistics and Programme Implementation / National Statistical Office, Government of India (eSankhyiki API, sector Combined, state All India). Value taken as published, no transformation. Retrieved 2026-09-11. NOTE: the publisher rebased the CPI to 2024 = 100; this series carries the earlier base and does NOT overlap the current one, so it is stored separately rather than spliced. The engine uses it only when no single series spans both bridge endpoints.",
IN,CPI-ALL-2012,2025-05,2012,100.0,INR,193.0,"https://api.mospi.gov.in/api/cpi/getCPIData?base_year=2012&level=Group&series=Current&year=<YEAR>&month_code=1,2,3,4,5,6,7,8,9,10,11,12&limit=100&page=<PAGE>&state_code=99&sector_code=3",false,"REAL. Consumer Price Index, Combined (rural + urban), All-India General index, base 2012 = 100, published monthly by the Ministry of Statistics and Programme Implementation / National Statistical Office, Government of India (eSankhyiki API, sector Combined, state All India). Value taken as published, no transformation. Retrieved 2026-09-11. NOTE: the publisher rebased the CPI to 2024 = 100; this series carries the earlier base and does NOT overlap the current one, so it is stored separately rather than spliced. The engine uses it only when no single series spans both bridge endpoints.",
IN,CPI-ALL-2012,2025-06,2012,100.0,INR,194.2,"https://api.mospi.gov.in/api/cpi/getCPIData?base_year=2012&level=Group&series=Current&year=<YEAR>&month_code=1,2,3,4,5,6,7,8,9,10,11,12&limit=100&page=<PAGE>&state_code=99&sector_code=3",false,"REAL. Consumer Price Index, Combined (rural + urban), All-India General index, base 2012 = 100, published monthly by the Ministry of Statistics and Programme Implementation / National Statistical Office, Government of India (eSankhyiki API, sector Combined, state All India). Value taken as published, no transformation. Retrieved 2026-09-11. NOTE: the publisher rebased the CPI to 2024 = 100; this series carries the earlier base and does NOT overlap the current one, so it is stored separately rather than spliced. The engine uses it only when no single series spans both bridge endpoints.",
IN,CPI-ALL-2012,2025-07,2012,100.0,INR,196.1,"https://api.mospi.gov.in/api/cpi/getCPIData?base_year=2012&level=Group&series=Current&year=<YEAR>&month_code=1,2,3,4,5,6,7,8,9,10,11,12&limit=100&page=<PAGE>&state_code=99&sector_code=3",false,"REAL. Consumer Price Index, Combined (rural + urban), All-India General index, base 2012 = 100, published monthly by the Ministry of Statistics and Programme Implementation / National Statistical Office, Government of India (eSankhyiki API, sector Combined, state All India). Value taken as published, no transformation. Retrieved 2026-09-11. NOTE: the publisher rebased the CPI to 2024 = 100; this series carries the earlier base and does NOT overlap the current one, so it is stored separately rather than spliced. The engine uses it only when no single series spans both bridge endpoints.",
IN,CPI-ALL-2012,2025-08,2012,100.0,INR,197.0,"https://api.mospi.gov.in/api/cpi/getCPIData?base_year=2012&level=Group&series=Current&year=<YEAR>&month_code=1,2,3,4,5,6,7,8,9,10,11,12&limit=100&page=<PAGE>&state_code=99&sector_code=3",false,"REAL. Consumer Price Index, Combined (rural + urban), All-India General index, base 2012 = 100, published monthly by the Ministry of Statistics and Programme Implementation / National Statistical Office, Government of India (eSankhyiki API, sector Combined, state All India). Release dated 2025-09-12. Value taken as published, no transformation. Retrieved 2026-09-11. NOTE: the publisher rebased the CPI to 2024 = 100; this series carries the earlier base and does NOT overlap the current one, so it is stored separately rather than spliced. The engine uses it only when no single series spans both bridge endpoints.",
IN,CPI-ALL-2012,2025-09,2012,100.0,INR,197.0,"https://api.mospi.gov.in/api/cpi/getCPIData?base_year=2012&level=Group&series=Current&year=<YEAR>&month_code=1,2,3,4,5,6,7,8,9,10,11,12&limit=100&page=<PAGE>&state_code=99&sector_code=3",false,"REAL. Consumer Price Index, Combined (rural + urban), All-India General index, base 2012 = 100, published monthly by the Ministry of Statistics and Programme Implementation / National Statistical Office, Government of India (eSankhyiki API, sector Combined, state All India). Release dated 2025-10-13. Value taken as published, no transformation. Retrieved 2026-09-11. NOTE: the publisher rebased the CPI to 2024 = 100; this series carries the earlier base and does NOT overlap the current one, so it is stored separately rather than spliced. The engine uses it only when no single series spans both bridge endpoints.",
IN,CPI-ALL-2012,2025-10,2012,100.0,INR,197.3,"https://api.mospi.gov.in/api/cpi/getCPIData?base_year=2012&level=Group&series=Current&year=<YEAR>&month_code=1,2,3,4,5,6,7,8,9,10,11,12&limit=100&page=<PAGE>&state_code=99&sector_code=3",false,"REAL. Consumer Price Index, Combined (rural + urban), All-India General index, base 2012 = 100, published monthly by the Ministry of Statistics and Programme Implementation / National Statistical Office, Government of India (eSankhyiki API, sector Combined, state All India). Release dated 2025-11-12. Value taken as published, no transformation. Retrieved 2026-09-11. NOTE: the publisher rebased the CPI to 2024 = 100; this series carries the earlier base and does NOT overlap the current one, so it is stored separately rather than spliced. The engine uses it only when no single series spans both bridge endpoints.",
IN,CPI-ALL-2012,2025-11,2012,100.0,INR,197.9,"https://api.mospi.gov.in/api/cpi/getCPIData?base_year=2012&level=Group&series=Current&year=<YEAR>&month_code=1,2,3,4,5,6,7,8,9,10,11,12&limit=100&page=<PAGE>&state_code=99&sector_code=3",false,"REAL. Consumer Price Index, Combined (rural + urban), All-India General index, base 2012 = 100, published monthly by the Ministry of Statistics and Programme Implementation / National Statistical Office, Government of India (eSankhyiki API, sector Combined, state All India). Release dated 2025-12-12. Value taken as published, no transformation. Retrieved 2026-09-11. NOTE: the publisher rebased the CPI to 2024 = 100; this series carries the earlier base and does NOT overlap the current one, so it is stored separately rather than spliced. The engine uses it only when no single series spans both bridge endpoints.",
IN,CPI-ALL-2012,2025-12,2012,100.0,INR,198.0,"https://api.mospi.gov.in/api/cpi/getCPIData?base_year=2012&level=Group&series=Current&year=<YEAR>&month_code=1,2,3,4,5,6,7,8,9,10,11,12&limit=100&page=<PAGE>&state_code=99&sector_code=3",false,"REAL. Consumer Price Index, Combined (rural + urban), All-India General index, base 2012 = 100, published monthly by the Ministry of Statistics and Programme Implementation / National Statistical Office, Government of India (eSankhyiki API, sector Combined, state All India). Release dated 2026-01-12. Value taken as published, no transformation. Retrieved 2026-09-11. NOTE: the publisher rebased the CPI to 2024 = 100; this series carries the earlier base and does NOT overlap the current one, so it is stored separately rather than spliced. The engine uses it only when no single series spans both bridge endpoints.",
